Workbook

Sheet Control
A1: Platforms | D1: Fantasy Pros | E1: ESPN | F1: NFL.com | J1: ESPN_Excel_Bridge_FINAL_STABLE_v2.1_TEAM\ESPN_Excel_Bridge_FINAL_STABLE_v2.1_TEAM\Start ESPN Excel Bridge.bat
A2: ESPN | D2: Ja'Marr Chase | E2: Ja'Marr Chase | F2: Ja'Marr Chase
A3: Yahoo | D3: Bijan Robinson | E3: Bijan Robinson | F3: Bijan Robinson
A4: NFL.com | D4: Saquon Barkley | E4: Saquon Barkley | F4: Saquon Barkley
A5: Sleeper | D5: Justin Jefferson | E5: Justin Jefferson | F5: Justin Jefferson
D6: CeeDee Lamb | E6: CeeDee Lamb | F6: CeeDee Lamb
D7: Jahmyr Gibbs | E7: Jahmyr Gibbs | F7: Jahmyr Gibbs
D8: Derrick Henry | E8: Derrick Henry | F8: Derrick Henry
D9: Nico Collins | E9: Nico Collins | F9: Nico Collins
D10: Puka Nacua | E10: Puka Nacua | F10: Puka Nacua
D11: Malik Nabers | E11: Malik Nabers | F11: Malik Nabers
D12: Brian Thomas Jr. | E12: Brian Thomas Jr. | F12: Brian Thomas Jr.
D13: Amon-Ra St. Brown | E13: Amon-Ra St. Brown | F13: Amon-Ra St. Brown
D14: Christian McCaffrey | E14: Christian McCaffrey | F14: Christian McCaffrey
D15: Ashton Jeanty | E15: Ashton Jeanty | F15: Ashton Jeanty
D16: A.J. Brown | E16: A.J. Brown | F16: A.J. Brown
D17: Jonathan Taylor | E17: Jonathan Taylor | F17: Jonathan Taylor
... D108: Zach Charbonnet | E108: Zach Charbonnet | F108: Zach Charbonnet
D109: J.K. Dobbins | E109: J.K. Dobbins
D110: Emeka Egbuka | E110: Emeka Egbuka | F110: Emeka Egbuka
D111: Khalil Shakir | E111: Khalil Shakir | F111: Khalil Shakir
D112: Jordan Love | E112: Jordan Love | F112: Jordan Love
D113: Matthew Golden | E113: Matthew Golden | F113: Matthew Golden
D114: Najee Harris | E114: Najee Harris | F114: Najee Harris
D115: Cam Skattebo | E115: Cam Skattebo | F115: Cam Skattebo
D116: Josh Downs | E116: Josh Downs | F116: Josh Downs
D117: Trevor Lawrence | E117: Trevor Lawrence | F117: Trevor Lawrence
D118: C.J. Stroud | E118: C.J. Stroud | F118: C.J. Stroud
D119: Dalton Kincaid | E119: Dalton Kincaid | F119: Dalton Kincaid
D120: Quinshon Judkins | E120: Quinshon Judkins | F120: Quinshon Judkins
D121: Cooper Kupp | E121: Cooper Kupp | F121: Cooper Kupp
... D144: Christian Kirk | E144: Christian Kirk | F144: Christian Kirk
D145: Jerome Ford | E145: Jerome Ford
D146: Nick Chubb | E146: Nick Chubb
D147: Marvin Mims Jr. | E147: Marvin Mims Jr. | F147: Marvin Mims Jr.
D148: Hunter Henry | E148: Hunter Henry | F148: Hunter Henry
D149: Luther Burden III | E149: Luther Burden III | F149: Luther Burden III
D150: Jonnu Smith | E150: Jonnu Smith | F150: Jonnu Smith
D151: Michael Penix Jr. | E151: Michael Penix Jr. | F151: Michael Penix Jr.
D152: Rico Dowdle | E152: Rico Dowdle | F152: Rico Dowdle
D153: Jaylen Wright | E153: Jaylen Wright | F153: Jaylen Wright
D154: Cedric Tillman | E154: Cedric Tillman | F154: Cedric Tillman
D155: Matthew Stafford | E155: Matthew Stafford | F155: Matthew Stafford
D156: Isaiah Likely | E156: Isaiah Likely | F156: Isaiah Likely
D157: Bhayshul Tuten | E157: Bhayshul Tuten | F157: Bhayshul Tuten
D158: Romeo Doubs | E158: Romeo Doubs | F158: Romeo Doubs
D159: Dylan Sampson | E159: Dylan Sampson | F159: Dylan Sampson
D160: Denver Broncos
D161: Jayden Higgins | E161: Jayden Higgins | F161: Jayden Higgins
D162: Marquise Brown | E162: Hollywood Brown | F162: Marquise Brown
D163: Zach Ertz | E163: Zach Ertz
D164: Geno Smith | E164: Geno Smith | F164: Geno Smith
D165: Roschon Johnson | E165: Roschon Johnson | F165: Roschon Johnson
D166: Tre' Harris | E166: Tre Harris | F166: Tre' Harris
D167: Quentin Johnston | E167: Quentin Johnston | F167: Quentin Johnston
D168: Kyle Williams | E168: Kyle Williams | F168: Kyle Williams
D169: Jalen McMillan | E169: Jalen McMillan | F169: Jalen McMillan
D170: Philadelphia Eagles
D171: Adam Thielen | E171: Adam Thielen | F171: Adam Thielen
D172: Baltimore Ravens
D173: Pittsburgh Steelers
D174: Blake Corum | E174: Blake Corum | F174: Blake Corum
D175: Joshua Palmer | E175: Joshua Palmer | F175: Joshua Palmer
D176: Minnesota Vikings
D177: MarShawn Lloyd | E177: MarShawn Lloyd | F177: MarShawn Lloyd
D178: Keenan Allen | E178: Keenan Allen
D179: DeAndre Hopkins | E179: DeAndre Hopkins | F179: DeAndre Hopkins
D180: DeMario Douglas | E180: DeMario Douglas | F180: DeMario Douglas
D181: Xavier Legette | E181: Xavier Legette | F181: Xavier Legette
D182: Cam Ward | E182: Cameron Ward | F182: Cam Ward
D183: Sam Darnold | E183: Sam Darnold | F183: Sam Darnold
D184: Houston Texans
D185: Alec Pierce | E185: Alec Pierce | F185: Alec Pierce
D186: Brenton Strange | E186: Brenton Strange
D187: Buffalo Bills
D188: Brandon Aubrey | E188: Brandon Aubrey
D189: Kansas City Chiefs
D190: Wan'Dale Robinson | E190: Wan'Dale Robinson | F190: Wan'Dale Robinson
D191: Detroit Lions
D192: Jake Bates | E192: Jake Bates
D193: Cameron Dicker | E193: Cameron Dicker
D194: Kendre Miller | E194: Kendre Miller
D195: Mike Gesicki | E195: Mike Gesicki
D196: Los Angeles Rams
D197: Wil Lutz | E197: Wil Lutz
D198: Seattle Seahawks
D199: Pat Freiermuth | E199: Pat Freiermuth | F199: Pat Freiermuth
D200: Los Angeles Chargers
D201: Chris Boswell | E201: Chris Boswell | F201: Chris Boswell
D202: Chase McLaughlin | E202: Chase McLaughlin
D203: Cade Otton | E203: Cade Otton
D204: Ka'imi Fairbairn | E204: Ka'imi Fairbairn
D205: Green Bay Packers
D206: Jalen Coker | E206: Jalen Coker
D207: Kyle Monangai | E207: Kyle Monangai | F207: Kyle Monangai
D208: Kareem Hunt | E208: Kareem Hunt
D209: Miles Sanders | E209: Miles Sanders
D210: Chig Okonkwo | E210: Chigoziem Okonkwo | F210: Chig Okonkwo
D211: Michael Wilson | E211: Michael Wilson
D212: Aaron Rodgers | E212: Aaron Rodgers | F212: Aaron Rodgers
...

Sheet ESPN Rankings
A1: Overall Rank | B1: Pos Rank | C1: Position | D1: Player | E1: Team | F1: Mapped Name
A2: 1 | B2: RB1 | C2: RB | D2: Jahmyr Gibbs | E2: DET | F2: =INDEX(Table5[Fantasy Pros],MATCH(Table2[[#This Row],[Player]],Table5[ESPN],0)) -> Jahmyr Gibbs
A3: 2 | B3: RB2 | C3: RB | D3: Bijan Robinson | E3: ATL | F3: =INDEX(Table5[Fantasy Pros],MATCH(Table2[[#This Row],[Player]],Table5[ESPN],0)) -> Bijan Robinson
A4: 3 | B4: WR1 | C4: WR | D4: Ja'Marr Chase | E4: CIN | F4: =INDEX(Table5[Fantasy Pros],MATCH(Table2[[#This Row],[Player]],Table5[ESPN],0)) -> Ja'Marr Chase
A5: 4 | B5: WR2 | C5: WR | D5: Puka Nacua | E5: LAR | F5: =INDEX(Table5[Fantasy Pros],MATCH(Table2[[#This Row],[Player]],Table5[ESPN],0)) -> Puka Nacua
A6: 5 | B6: WR3 | C6: WR | D6: Jaxon Smith-Njigba | E6: SEA | F6: =INDEX(Table5[Fantasy Pros],MATCH(Table2[[#This Row],[Player]],Table5[ESPN],0)) -> Jaxon Smith-Njigba
A7: 6 | B7: RB3 | C7: RB | D7: Christian McCaffrey | E7: SF | F7: =INDEX(Table5[Fantasy Pros],MATCH(Table2[[#This Row],[Player]],Table5[ESPN],0)) -> Christian McCaffrey
A8: 7 | B8: RB4 | C8: RB | D8: Jonathan Taylor | E8: IND | F8: =INDEX(Table5[Fantasy Pros],MATCH(Table2[[#This Row],[Player]],Table5[ESPN],0)) -> Jonathan Taylor
A9: 8 | B9: WR4 | C9: WR | D9: Amon-Ra St. Brown | E9: DET | F9: =INDEX(Table5[Fantasy Pros],MATCH(Table2[[#This Row],[Player]],Table5[ESPN],0)) -> Amon-Ra St. Brown
A10: 9 | B10: WR5 | C10: WR | D10: CeeDee Lamb | E10: DAL | F10: =INDEX(Table5[Fantasy Pros],MATCH(Table2[[#This Row],[Player]],Table5[ESPN],0)) -> CeeDee Lamb
A11: 10 | B11: WR6 | C11: WR | D11: Justin Jefferson | E11: MIN | F11: =INDEX(Table5[Fantasy Pros],MATCH(Table2[[#This Row],[Player]],Table5[ESPN],0)) -> Justin Jefferson
A12: 11 | B12: RB5 | C12: RB | D12: Derrick Henry | E12: BAL | F12: =INDEX(Table5[Fantasy Pros],MATCH(Table2[[#This Row],[Player]],Table5[ESPN],0)) -> Derrick Henry
A13: 12 | B13: RB6 | C13: RB | D13: James Cook III | E13: BUF | F13: =INDEX(Table5[Fantasy Pros],MATCH(Table2[[#This Row],[Player]],Table5[ESPN],0)) -> James Cook III
... A301: 300 | B301: DST22 | C301: DST | D301: Bengals D/ST | E301: CIN | F301: =INDEX(Table5[Fantasy Pros],MATCH(Table2[[#This Row],[Player]],Table5[ESPN],0)) -> Cincinnati

Sheet Fantasy Pros Standard Rankings
A1: RK | B1: PLAYER NAME | C1: TEAM | D1: POS | E1: BYE WEEK | F1: SOS SEASON | G1: ECR VS. ADP
A2: 1 | B2: Jahmyr Gibbs | C2: DET | D2: RB1 | E2: 6 | F2: 5 out of 5 stars | G2: 0
A3: 2 | B3: Ja'Marr Chase | C3: CIN | D3: WR1 | E3: 6 | F3: 4 out of 5 stars | G3: 1
A4: 3 | B4: Bijan Robinson | C4: ATL | D4: RB2 | E4: 11 | F4: 2 out of 5 stars | G4: -1
A5: 4 | B5: Puka Nacua | C5: LAR | D5: WR2 | E5: 11 | F5: 1 out of 5 stars | G5: 2
A6: 5 | B6: Jaxon Smith-Njigba | C6: SEA | D6: WR3 | E6: 11 | F6: 3 out of 5 stars | G6: 3
A7: 6 | B7: Amon-Ra St. Brown | C7: DET | D7: WR4 | E7: 6 | F7: 4 out of 5 stars | G7: 6
A8: 7 | B8: Jonathan Taylor | C8: IND | D8: RB3 | E8: 13 | F8: 4 out of 5 stars | G8: -2
A9: 8 | B9: James Cook III | C9: BUF | D9: RB4 | E9: 7 | F9: 2 out of 5 stars | G9: -1
A10: 9 | B10: Christian McCaffrey | C10: SF | D10: RB5 | E10: 8 | F10: 2 out of 5 stars | G10: -5
A11: 10 | B11: CeeDee Lamb | C11: DAL | D11: WR5 | E11: 14 | F11: 2 out of 5 stars | G11: 5
A12: 11 | B12: Justin Jefferson | C12: MIN | D12: WR6 | E12: 6 | F12: 5 out of 5 stars | G12: 6
A13: 12 | B13: A.J. Brown | C13: NE | D13: WR7 | E13: 11 | F13: 2 out of 5 stars | G13: 13
... A264: 261 | B264: Cyrus Allen | C264: KC | D264: WR93 | E264: 5 | F264: 2 out of 5 stars | G264: -9
A265: 262 | B265: Tyquan Thornton | C265: KC | D265: WR94 | E265: 5 | F265: 2 out of 5 stars | G265: -
A266: 263 | B266: Colby Parkinson | C266: LAR | D266: TE32 | E266: 11 | F266: 4 out of 5 stars | G266: -86
A267: 264 | B267: Jordan James | C267: SF | D267: RB78 | E267: 8 | F267: 2 out of 5 stars | G267: 28
A268: 265 | B268: Chimere Dike | C268: TEN | D268: WR95 | E268: 9 | F268: 3 out of 5 stars | G268: -5
A269: 266 | B269: Kendre Miller | C269: NO | D269: RB79 | E269: 8 | F269: 3 out of 5 stars | G269: 6
A270: 267 | B270: Isaiah Davis | C270: NYJ | D270: RB80 | E270: 13 | F270: 3 out of 5 stars | G270: -
A271: 268 | B271: Jack Bech | C271: LV | D271: WR96 | E271: 13 | F271: 2 out of 5 stars | G271: 23
A272: 269 | B272: Tory Horton | C272: SEA | D272: WR97 | E272: 11 | F272: 3 out of 5 stars | G272: 20
A273: 270 | B273: Ty Johnson | C273: BUF | D273: RB81 | E273: 7 | F273: 2 out of 5 stars | G273: 14
A274: 271 | B274: Wil Lutz | C274: DEN | D274: K16 | E274: 10 | F274: 1 out of 5 stars | G274: -28
A275: 272 | B275: Fernando Mendoza | C275: LV | D275: QB30 | E275: 13 | F275: 1 out of 5 stars | G275: -70
A276: 273 | B276: Will Reichard | C276: MIN | D276: K17 | E276: 6 | F276: 2 out of 5 stars | G276: -37
A277: 274 | B277: Elijah Sarratt | C277: BAL | D277: WR98 | E277: 13 | F277: 4 out of 5 stars | G277: 20
A278: 275 | B278: Darius Slayton | C278: NYG | D278: WR99 | E278: 8 | F278: 4 out of 5 stars | G278: -
A279: 276 | B279: Theo Johnson | C279: NYG | D279: TE33 | E279: 8 | F279: 3 out of 5 stars | G279: -48
A280: 277 | B280: Xavier Legette | C280: CAR | D280: WR100 | E280: 5 | F280: 2 out of 5 stars | G280: -
A281: 278 | B281: Marvin Mims Jr. | C281: DEN | D281: WR101 | E281: 10 | F281: 2 out of 5 stars | G281: 5
A282: 279 | B282: Mason Taylor | C282: NYJ | D282: TE34 | E282: 13 | F282: 4 out of 5 stars | G282: -59
A283: 280 | B283: DJ Giddens | C283: IND | D283: RB82 | E283: 13 | F283: 4 out of 5 stars | G283: -
A284: 281 | B284: LeQuint Allen Jr. | C284: JAC | D284: RB83 | E284: 7 | F284: 4 out of 5 stars | G284: -
A285: 282 | B285: Kyle Williams | C285: NE | D285: WR102 | E285: 11 | F285: 2 out of 5 stars | G285: 3
A286: 283 | B286: Tua Tagovailoa | C286: ATL | D286: QB31 | E286: 11 | F286: 4 out of 5 stars | G286: -44
A287: 284 | B287: Christian Kirk | C287: SF | D287: WR103 | E287: 8 | F287: 2 out of 5 stars | G287: 21
A288: 285 | B288: Michael Penix Jr. | C288: ATL | D288: QB32 | E288: 11 | F288: 4 out of 5 stars | G288: -59
A289: 286 | B289: San Francisco 49ers | C289: SF | D289: DST17 | E289: 8 | F289: 3 out of 5 stars | G289: 16
A290: 287 | B290: Eli Stowers | C290: PHI | D290: TE35 | E290: 10 | F290: 4 out of 5 stars | G290: -65
A291: 288 | B291: Kirk Cousins | C291: LV | D291: QB33 | E291: 13 | F291: 1 out of 5 stars | G291: -55
A292: 289 | B292: New Orleans Saints | C292: NO | D292: DST18 | E292: 8 | F292: 5 out of 5 stars | G292: 33
A293: 290 | B293: Deshaun Watson | C293: CLE | D293: QB34 | E293: 11 | F293: 4 out of 5 stars | G293: -43
A294: 291 | B294: Mike Gesicki | C294: CIN | D294: TE36 | E294: 6 | F294: 3 out of 5 stars | G294: -17
A295: 292 | B295: Jaydon Blue | C295: PHI | D295: RB84 | E295: 10 | F295: 4 out of 5 stars | G295: -16
A296: 293 | B296: Atlanta Falcons | C296: ATL | D296: DST19 | E296: 11 | F296: 4 out of 5 stars | G296: 18
... A299: 296 | B299: Emari Demercado | C299: DAL | D299: RB86 | E299: 14 | F299: 4 out of 5 stars | G299: 25
A300: 297 | B300: Adam Randall | C300: BAL | D300: RB87 | E300: 13 | F300: 3 out of 5 stars | G300: -
A301: 298 | B301: Shedeur Sanders | C301: CLE | D301: QB35 | E301: 11 | F301: 4 out of 5 stars | G301: -52
A302: 299 | B302: Hollywood Brown | C302: PHI | D302: WR105 | E302: 10 | F302: 4 out of 5 stars | G302: -
A303: 300 | B303: Devin Singletary | C303: NYG | D303: RB88 | E303: 8 | F303: 4 out of 5 stars | G303: -33
A304: 301 | B304: Mack Hollins | C304: NE | D304: WR106 | E304: 11 | F304: 2 out of 5 stars | G304: -
A305: 302 | B305: Jake Tonges | C305: SF | D305: TE37 | E305: 8 | F305: 3 out of 5 stars | G305: -39
A306: 303 | B306: Devin Neal | C306: FA | D306: RB89 | E306: - | F306: - | G306: -49
A307: 304 | B307: Isaiah Bond | C307: CLE | D307: WR107 | E307: 11 | F307: 3 out of 5 stars | G307: -
A308: 305 | B308: Indianapolis Colts | C308: IND | D308: DST20 | E308: 13 | F308: 5 out of 5 stars | G308: 4
A309: 306 | B309: Darren Waller | C309: CAR | D309: TE38 | E309: 5 | F309: 2 out of 5 stars | G309: -3
A310: 307 | B310: DeMario Douglas | C310: NE | D310: WR108 | E310: 11 | F310: 2 out of 5 stars | G310: -
A311: 308 | B311: Andrei Iosivas | C311: CIN | D311: WR109 | E311: 6 | F311: 4 out of 5 stars | G311: -
A312: 309 | B312: Brandon Aiyuk | C312: SF | D312: WR110 | E312: 8 | F312: 2 out of 5 stars | G312: -45
A313: 310 | B313: Darnell Washington | C313: PIT | D313: TE39 | E313: 9 | F313: 2 out of 5 stars | G313: -
A314: 311 | B314: Charlie Kolar | C314: LAC | D314: TE40 | E314: 7 | F314: 4 out of 5 stars | G314: -
A315: 312 | B315: Trey Benson | C315: ARI | D315: RB90 | E315: 14 | F315: 2 out of 5 stars | G315: -109
A316: 313 | B316: Isaac Guerendo | C316: SF | D316: RB91 | E316: 8 | F316: 2 out of 5 stars | G316: -
A317: 314 | B317: Trevor Etienne | C317: CAR | D317: RB92 | E317: 5 | F317: 1 out of 5 stars | G317: -
A318: 315 | B318: Chicago Bears | C318: CHI | D318: DST21 | E318: 10 | F318: 2 out of 5 stars | G318: -17
A319: 316 | B319: Audric Estime | C319: NO | D319: RB93 | E319: 8 | F319: 3 out of 5 stars | G319: -39
A320: 317 | B320: Michael Mayer | C320: LV | D320: TE41 | E320: 13 | F320: 3 out of 5 stars | G320: -
A321: 318 | B321: Jahan Dotson | C321: ATL | D321: WR111 | E321: 11 | F321: 3 out of 5 stars | G321: 0
A322: 319 | B322: Tahj Brooks | C322: CIN | D322: RB94 | E322: 6 | F322: 2 out of 5 stars | G322: -
A323: 320 | B323: Will Shipley | C323: PHI | D323: RB95 | E323: 10 | F323: 4 out of 5 stars | G323: -
A324: 321 | B324: Tyreek Hill | C324: FA | D324: WR112 | E324: - | F324: - | G324: -134
A325: 322 | B325: Oscar Delp | C325: NO | D325: TE42 | E325: 8 | F325: 2 out of 5 stars | G325: -
A326: 323 | B326: Charlie Smyth | C326: NO | D326: K18 | E326: 8 | F326: 5 out of 5 stars | G326: 1
A327: 324 | B327: Xavier Hutchinson | C327: HOU | D327: WR113 | E327: 8 | F327: 3 out of 5 stars | G327: -
A328: 325 | B328: Jarquez Hunter | C328: FA | D328: RB96 | E328: - | F328: - | G328: -43
A329: 326 | B329: Jaleel McLaughlin | C329: CLE | D329: RB97 | E329: 11 | F329: 3 out of 5 stars | G329: -
A330: 327 | B330: Bryce Lance | C330: NO | D330: WR114 | E330: 8 | F330: 3 out of 5 stars | G330: -
A331: 328 | B331: Elijah Arroyo | C331: SEA | D331: TE43 | E331: 11 | F331: 3 out of 5 stars | G331: -
A332: 329 | B332: Jerome Ford | C332: WAS | D332: RB98 | E332: 7 | F332: 4 out of 5 stars | G332: -
A333: 330 | B333: Jalen Tolbert | C333: MIA | D333: WR115 | E333: 6 | F333: 3 out of 5 stars | G333: -
A334: 331 | B334: Dallas Cowboys | C334: DAL | D334: DST22 | E334: 14 | F334: 1 out of 5 stars | G334: -80
A335: 332 | B335: Kareem Hunt | C335: FA | D335: RB99 | E335: - | F335: - | G335: -
A336: 333 | B336: Cole Kmet | C336: CHI | D336: TE44 | E336: 10 | F336: 2 out of 5 stars | G336: -
A337: 334 | B337: Tyler Higbee | C337: LAR | D337: TE45 | E337: 11 | F337: 4 out of 5 stars | G337: -
A338: 335 | B338: Jacob Saylors | C338: DET | D338: RB100 | E338: 6 | F338: 5 out of 5 stars | G338: -34
A339: 336 | B339: Dawson Knox | C339: BUF | D339: TE46 | E339: 7 | F339: 3 out of 5 stars | G339: -
A340: 337 | B340: Eli Raridon | C340: NE | D340: TE47 | E340: 11 | F340: 4 out of 5 stars | G340: -
A341: 338 | B341: Tez Johnson | C341: TB | D341: WR116 | E341: 10 | F341: 4 out of 5 stars | G341: -
A342: 339 | B342: Carson Beck | C342: ARI | D342: QB36 | E342: 14 | F342: 2 out of 5 stars | G342: -
A343: 340 | B343: Bam Knight | C343: ARI | D343: RB101 | E343: 14 | F343: 2 out of 5 stars | G343: -
A344: 341 | B344: Kendrick Bourne | C344: ARI | D344: WR117 | E344: 14 | F344: 2 out of 5 stars | G344: -
A345: 342 | B345: Max Klare | C345: LAR | D345: TE48 | E345: 11 | F345: 4 out of 5 stars | G345: -35
A346: 343 | B346: Konata Mumpfield | C346: LAR | D346: WR118 | E346: 11 | F346: 1 out of 5 stars | G346: -
A347: 344 | B347: Brenen Thompson | C347: LAC | D347: WR119 | E347: 7 | F347: 2 out of 5 stars | G347: -
A348: 345 | B348: Luke McCaffrey | C348: WAS | D348: WR120 | E348: 7 | F348: 2 out of 5 stars | G348: -
A349: 346 | B349: Tyler Bass | C349: BUF | D349: K19 | E349: 7 | F349: 2 out of 5 stars | G349: -56
A350: 347 | B350: Olamide Zaccheaus | C350: ATL | D350: WR121 | E350: 11 | F350: 3 out of 5 stars | G350: -
A351: 348 | B351: Joshua Palmer | C351: BUF | D351: WR122 | E351: 7 | F351: 4 out of 5 stars | G351: -
A352: 349 | B352: Noah Gray | C352: KC | D352: TE49 | E352: 5 | F352: 4 out of 5 stars | G352: -
...

Sheet DraftKings Player Summary
A1: 2026 NFL DraftKings Season-Long Player Lines — Summary
A2: *Total TD Reference is NOT a sportsbook market. It is the arithmetic sum of any available Passing TD, Rushing TD, and Receiving TD O/U lines in this workbook. Actual book TD markets are on the Touchdowns sheet.
A4: Player | B4: Pos | C4: Team | D4: Passing Yds | E4: Rushing Yds | F4: Receiving Yds | G4: Passing TDs | H4: Rushing TDs | I4: Receiving TDs | J4: Total TD Reference* | K4: TD Markets Found
A5: AJ Brown | B5: WR | C5: NE | D5: N/A | E5: N/A | F5: 1124.5 | G5: N/A | H5: N/A | I5: 7.5 | J5: =IF(COUNT(G5:I5)=0,"",SUM(G5:I5)) -> 7.5 | K5: =COUNT(G5:I5) -> 1
A6: Aaron Jones | B6: RB | C6: MIN | D6: N/A | E6: 474.5 | F6: N/A | G6: N/A | H6: N/A | I6: N/A | J6: =IF(COUNT(G6:I6)=0,"",SUM(G6:I6)) | K6: =COUNT(G6:I6) -> 0
A7: Aaron Rodgers | B7: QB | C7: PIT | D7: 3099.5 | E7: N/A | F7: N/A | G7: 21.5 | H7: N/A | I7: N/A | J7: =IF(COUNT(G7:I7)=0,"",SUM(G7:I7)) -> 21.5 | K7: =COUNT(G7:I7) -> 1
A8: Alec Pierce | B8: WR | C8: IND | D8: N/A | E8: N/A | F8: 899.5 | G8: N/A | H8: N/A | I8: N/A | J8: =IF(COUNT(G8:I8)=0,"",SUM(G8:I8)) | K8: =COUNT(G8:I8) -> 0
A9: Amon-Ra St Brown | B9: WR | C9: DET | D9: N/A | E9: N/A | F9: 1249.5 | G9: N/A | H9: N/A | I9: 9.5 | J9: =IF(COUNT(G9:I9)=0,"",SUM(G9:I9)) -> 9.5 | K9: =COUNT(G9:I9) -> 1
A10: Ashton Jeanty | B10: RB | C10: LVR | D10: N/A | E10: 1024.5 | F10: N/A | G10: N/A | H10: 7.5 | I10: N/A | J10: =IF(COUNT(G10:I10)=0,"",SUM(G10:I10)) -> 7.5 | K10: =COUNT(G10:I10) -> 1
A11: Baker Mayfield | B11: QB | C11: TB | D11: 3599.5 | E11: N/A | F11: N/A | G11: 25.5 | H11: N/A | I11: N/A | J11: =IF(COUNT(G11:I11)=0,"",SUM(G11:I11)) -> 25.5 | K11: =COUNT(G11:I11) -> 1
A12: Bhayshul Tuten | B12: RB | C12: JAX | D12: N/A | E12: 724.5 | F12: N/A | G12: N/A | H12: 5.5 | I12: N/A | J12: =IF(COUNT(G12:I12)=0,"",SUM(G12:I12)) -> 5.5 | K12: =COUNT(G12:I12) -> 1
A13: Bijan Robinson | B13: RB | C13: ATL | D13: N/A | E13: 1174.5 | F13: 574.5 | G13: N/A | H13: 8.5 | I13: 3.5 | J13: =IF(COUNT(G13:I13)=0,"",SUM(G13:I13)) -> 12 | K13: =COUNT(G13:I13) -> 2
A14: Blake Corum | B14: RB | C14: LAR | D14: N/A | E14: 699.5 | F14: N/A | G14: N/A | H14: 5.5 | I14: N/A | J14: =IF(COUNT(G14:I14)=0,"",SUM(G14:I14)) -> 5.5 | K14: =COUNT(G14:I14) -> 1
A15: Bo Nix | B15: QB | C15: DEN | D15: 3499.5 | E15: N/A | F15: N/A | G15: 24.5 | H15: N/A | I15: N/A | J15: =IF(COUNT(G15:I15)=0,"",SUM(G15:I15)) -> 24.5 | K15: =COUNT(G15:I15) -> 1
A16: Breece Hall | B16: RB | C16: NYJ | D16: N/A | E16: 899.5 | F16: N/A | G16: N/A | H16: N/A | I16: N/A | J16: =IF(COUNT(G16:I16)=0,"",SUM(G16:I16)) | K16: =COUNT(G16:I16) -> 0
A17: Brian Thomas | B17: WR | C17: JAX | D17: N/A | E17: N/A | F17: 724.5 | G17: N/A | H17: N/A | I17: 4.5 | J17: =IF(COUNT(G17:I17)=0,"",SUM(G17:I17)) -> 4.5 | K17: =COUNT(G17:I17) -> 1
A18: Brock Bowers | B18: TE | C18: LVR | D18: N/A | E18: N/A | F18: 949.5 | G18: N/A | H18: N/A | I18: 7.5 | J18: =IF(COUNT(G18:I18)=0,"",SUM(G18:I18)) -> 7.5 | K18: =COUNT(G18:I18) -> 1
A19: Brock Purdy | B19: QB | C19: SF | D19: 3799.5 | E19: N/A | F19: N/A | G19: 27.5 | H19: N/A | I19: N/A | J19: =IF(COUNT(G19:I19)=0,"",SUM(G19:I19)) -> 27.5 | K19: =COUNT(G19:I19) -> 1
A20: Bryce Young | B20: QB | C20: CAR | D20: 2874.5 | E20: N/A | F20: N/A | G20: 20.5 | H20: N/A | I20: N/A | J20: =IF(COUNT(G20:I20)=0,"",SUM(G20:I20)) -> 20.5 | K20: =COUNT(G20:I20) -> 1
A21: Bucky Irving | B21: RB | C21: TB | D21: N/A | E21: 799.5 | F21: N/A | G21: N/A | H21: 4.5 | I21: N/A | J21: =IF(COUNT(G21:I21)=0,"",SUM(G21:I21)) -> 4.5 | K21: =COUNT(G21:I21) -> 1
A22: CJ Stroud | B22: QB | C22: HOU | D22: 3549.5 | E22: N/A | F22: N/A | G22: 22.5 | H22: N/A | I22: N/A | J22: =IF(COUNT(G22:I22)=0,"",SUM(G22:I22)) -> 22.5 | K22: =COUNT(G22:I22) -> 1
A23: Caleb Williams | B23: QB | C23: CHI | D23: 3649.5 | E23: N/A | F23: N/A | G23: 24.5 | H23: N/A | I23: N/A | J23: =IF(COUNT(G23:I23)=0,"",SUM(G23:I23)) -> 24.5 | K23: =COUNT(G23:I23) -> 1
A24: Cam Ward | B24: QB | C24: TEN | D24: 3249.5 | E24: N/A | F24: N/A | G24: 20.5 | H24: N/A | I24: N/A | J24: =IF(COUNT(G24:I24)=0,"",SUM(G24:I24)) -> 20.5 | K24: =COUNT(G24:I24) -> 1
A25: Carnell Tate | B25: WR | C25: TEN | D25: N/A | E25: N/A | F25: 774.5 | G25: N/A | H25: N/A | I25: 4.5 | J25: =IF(COUNT(G25:I25)=0,"",SUM(G25:I25)) -> 4.5 | K25: =COUNT(G25:I25) -> 1
A26: Ceedee Lamb | B26: WR | C26: DAL | D26: N/A | E26: N/A | F26: 1199.5 | G26: N/A | H26: N/A | I26: 7.5 | J26: =IF(COUNT(G26:I26)=0,"",SUM(G26:I26)) -> 7.5 | K26: =COUNT(G26:I26) -> 1
A27: Chase Brown | B27: RB | C27: CIN | D27: N/A | E27: 849.5 | F27: N/A | G27: N/A | H27: 6.5 | I27: N/A | J27: =IF(COUNT(G27:I27)=0,"",SUM(G27:I27)) -> 6.5 | K27: =COUNT(G27:I27) -> 1
A28: Chris Olave | B28: WR | C28: NO | D28: N/A | E28: N/A | F28: 1049.5 | G28: N/A | H28: N/A | I28: 5.5 | J28: =IF(COUNT(G28:I28)=0,"",SUM(G28:I28)) -> 5.5 | K28: =COUNT(G28:I28) -> 1
A29: Christian McCaffrey | B29: RB | C29: SF | D29: N/A | E29: 949.5 | F29: 574.5 | G29: N/A | H29: 8.5 | I29: 4.5 | J29: =IF(COUNT(G29:I29)=0,"",SUM(G29:I29)) -> 13 | K29: =COUNT(G29:I29) -> 2
A30: Christian Watson | B30: WR | C30: GB | D30: N/A | E30: N/A | F30: 799.5 | G30: N/A | H30: N/A | I30: 6.5 | J30: =IF(COUNT(G30:I30)=0,"",SUM(G30:I30)) -> 6.5 | K30: =COUNT(G30:I30) -> 1
A31: Colston Loveland | B31: TE | C31: CHI | D31: N/A | E31: N/A | F31: 824.5 | G31: N/A | H31: N/A | I31: 5.5 | J31: =IF(COUNT(G31:I31)=0,"",SUM(G31:I31)) -> 5.5 | K31: =COUNT(G31:I31) -> 1
A32: Courtland Sutton | B32: WR | C32: DEN | D32: N/A | E32: N/A | F32: 699.5 | G32: N/A | H32: N/A | I32: 6.5 | J32: =IF(COUNT(G32:I32)=0,"",SUM(G32:I32)) -> 6.5 | K32: =COUNT(G32:I32) -> 1
A33: D'Andre Swift | B33: RB | C33: CHI | D33: N/A | E33: 824.5 | F33: N/A | G33: N/A | H33: 7.5 | I33: N/A | J33: =IF(COUNT(G33:I33)=0,"",SUM(G33:I33)) -> 7.5 | K33: =COUNT(G33:I33) -> 1
A34: DJ Moore | B34: WR | C34: BUF | D34: N/A | E34: N/A | F34: 849.5 | G34: N/A | H34: N/A | I34: 6.5 | J34: =IF(COUNT(G34:I34)=0,"",SUM(G34:I34)) -> 6.5 | K34: =COUNT(G34:I34) -> 1
A35: DK Metcalf | B35: WR | C35: PIT | D35: N/A | E35: N/A | F35: 824.5 | G35: N/A | H35: N/A | I35: 5.5 | J35: =IF(COUNT(G35:I35)=0,"",SUM(G35:I35)) -> 5.5 | K35: =COUNT(G35:I35) -> 1
A36: Dak Prescott | B36: QB | C36: DAL | D36: 3999.5 | E36: N/A | F36: N/A | G36: 27.5 | H36: N/A | I36: N/A | J36: =IF(COUNT(G36:I36)=0,"",SUM(G36:I36)) -> 27.5 | K36: =COUNT(G36:I36) -> 1
A37: Dallas Goedert | B37: TE | C37: PHI | D37: N/A | E37: N/A | F37: 574.5 | G37: N/A | H37: N/A | I37: 4.5 | J37: =IF(COUNT(G37:I37)=0,"",SUM(G37:I37)) -> 4.5 | K37: =COUNT(G37:I37) -> 1
A38: Dalton Kincaid | B38: TE | C38: BUF | D38: N/A | E38: N/A | F38: 599.5 | G38: N/A | H38: N/A | I38: 4.5 | J38: =IF(COUNT(G38:I38)=0,"",SUM(G38:I38)) -> 4.5 | K38: =COUNT(G38:I38) -> 1
A39: Daniel Jones | B39: QB | C39: IND | D39: 3299.5 | E39: N/A | F39: N/A | G39: 19.5 | H39: N/A | I39: N/A | J39: =IF(COUNT(G39:I39)=0,"",SUM(G39:I39)) -> 19.5 | K39: =COUNT(G39:I39) -> 1
A40: Davante Adams | B40: WR | C40: LAR | D40: N/A | E40: N/A | F40: 774.5 | G40: N/A | H40: N/A | I40: 9.5 | J40: =IF(COUNT(G40:I40)=0,"",SUM(G40:I40)) -> 9.5 | K40: =COUNT(G40:I40) -> 1
A41: David Montgomery | B41: RB | C41: HOU | D41: N/A | E41: 824.5 | F41: N/A | G41: N/A | H41: 7.5 | I41: N/A | J41: =IF(COUNT(G41:I41)=0,"",SUM(G41:I41)) -> 7.5 | K41: =COUNT(G41:I41) -> 1
A42: De'Von Achane | B42: RB | C42: MIA | D42: N/A | E42: 974.5 | F42: N/A | G42: N/A | H42: 5.5 | I42: N/A | J42: =IF(COUNT(G42:I42)=0,"",SUM(G42:I42)) -> 5.5 | K42: =COUNT(G42:I42) -> 1
A43: De'Zhaun Stribling | B43: WR | C43: SF | D43: N/A | E43: N/A | F43: 649.5 | G43: N/A | H43: N/A | I43: N/A | J43: =IF(COUNT(G43:I43)=0,"",SUM(G43:I43)) | K43: =COUNT(G43:I43) -> 0
A44: Deebo Samuel | B44: WR | C44: SF | D44: N/A | E44: N/A | F44: 624.5 | G44: N/A | H44: N/A | I44: N/A | J44: =IF(COUNT(G44:I44)=0,"",SUM(G44:I44)) | K44: =COUNT(G44:I44) -> 0
A45: Denzel Boston | B45: WR | C45: CLE | D45: N/A | E45: N/A | F45: 499.5 | G45: N/A | H45: N/A | I45: N/A | J45: =IF(COUNT(G45:I45)=0,"",SUM(G45:I45)) | K45: =COUNT(G45:I45) -> 0
A46: Derrick Henry | B46: RB | C46: BAL | D46: N/A | E46: 1249.5 | F46: N/A | G46: N/A | H46: 12.5 | I46: N/A | J46: =IF(COUNT(G46:I46)=0,"",SUM(G46:I46)) -> 12.5 | K46: =COUNT(G46:I46) -> 1
A47: Deshaun Watson | B47: QB | C47: CLE | D47: 1749.5 | E47: N/A | F47: N/A | G47: 12.5 | H47: N/A | I47: N/A | J47: =IF(COUNT(G47:I47)=0,"",SUM(G47:I47)) -> 12.5 | K47: =COUNT(G47:I47) -> 1
A48: Devonta Smith | B48: WR | C48: PHI | D48: N/A | E48: N/A | F48: 1099.5 | G48: N/A | H48: N/A | I48: 5.5 | J48: =IF(COUNT(G48:I48)=0,"",SUM(G48:I48)) -> 5.5 | K48: =COUNT(G48:I48) -> 1
A49: Dontayvion Wicks | B49: WR | C49: PHI | D49: N/A | E49: N/A | F49: 599.5 | G49: N/A | H49: N/A | I49: N/A | J49: =IF(COUNT(G49:I49)=0,"",SUM(G49:I49)) | K49: =COUNT(G49:I49) -> 0
A50: Drake London | B50: WR | C50: ATL | D50: N/A | E50: N/A | F50: 1099.5 | G50: N/A | H50: N/A | I50: 7.5 | J50: =IF(COUNT(G50:I50)=0,"",SUM(G50:I50)) -> 7.5 | K50: =COUNT(G50:I50) -> 1
A51: Drake Maye | B51: QB | C51: NE | D51: 3799.5 | E51: 424.5 | F51: N/A | G51: 26.5 | H51: 3.5 | I51: N/A | J51: =IF(COUNT(G51:I51)=0,"",SUM(G51:I51)) -> 30 | K51: =COUNT(G51:I51) -> 2
A52: Emeka Egbuka | B52: WR | C52: TB | D52: N/A | E52: N/A | F52: 874.5 | G52: N/A | H52: N/A | I52: N/A | J52: =IF(COUNT(G52:I52)=0,"",SUM(G52:I52)) | K52: =COUNT(G52:I52) -> 0
A53: Fernando Mendoza | B53: QB | C53: LVR | D53: 2499.5 | E53: N/A | F53: N/A | G53: 12.5 | H53: N/A | I53: N/A | J53: =IF(COUNT(G53:I53)=0,"",SUM(G53:I53)) -> 12.5 | K53: =COUNT(G53:I53) -> 1
A54: Garrett Wilson | B54: WR | C54: NYJ | D54: N/A | E54: N/A | F54: 999.5 | G54: N/A | H54: N/A | I54: 5.5 | J54: =IF(COUNT(G54:I54)=0,"",SUM(G54:I54)) -> 5.5 | K54: =COUNT(G54:I54) -> 1
A55: George Kittle | B55: TE | C55: SF | D55: N/A | E55: N/A | F55: 699.5 | G55: N/A | H55: N/A | I55: 5.5 | J55: =IF(COUNT(G55:I55)=0,"",SUM(G55:I55)) -> 5.5 | K55: =COUNT(G55:I55) -> 1
A56: George Pickens | B56: WR | C56: DAL | D56: N/A | E56: N/A | F56: 1049.5 | G56: N/A | H56: N/A | I56: 6.5 | J56: =IF(COUNT(G56:I56)=0,"",SUM(G56:I56)) -> 6.5 | K56: =COUNT(G56:I56) -> 1
A57: Harold Fannin | B57: TE | C57: CLE | D57: N/A | E57: N/A | F57: 699.5 | G57: N/A | H57: N/A | I57: 4.5 | J57: =IF(COUNT(G57:I57)=0,"",SUM(G57:I57)) -> 4.5 | K57: =COUNT(G57:I57) -> 1
A58: Hunter Henry | B58: TE | C58: NE | D58: N/A | E58: N/A | F58: N/A | G58: N/A | H58: N/A | I58: 4.5 | J58: =IF(COUNT(G58:I58)=0,"",SUM(G58:I58)) -> 4.5 | K58: =COUNT(G58:I58) -> 1
A59: Isaiah Likely | B59: TE | C59: NYG | D59: N/A | E59: N/A | F59: 624.5 | G59: N/A | H59: N/A | I59: 3.5 | J59: =IF(COUNT(G59:I59)=0,"",SUM(G59:I59)) -> 3.5 | K59: =COUNT(G59:I59) -> 1
A60: Ja'Marr Chase | B60: WR | C60: CIN | D60: N/A | E60: N/A | F60: 1324.5 | G60: N/A | H60: N/A | I60: 10.5 | J60: =IF(COUNT(G60:I60)=0,"",SUM(G60:I60)) -> 10.5 | K60: =COUNT(G60:I60) -> 1
A61: Jadarian Price | B61: RB | C61: SEA | D61: N/A | E61: 724.5 | F61: N/A | G61: N/A | H61: N/A | I61: N/A | J61: =IF(COUNT(G61:I61)=0,"",SUM(G61:I61)) | K61: =COUNT(G61:I61) -> 0
A62: Jahmyr Gibbs | B62: RB | C62: DET | D62: N/A | E62: 1199.5 | F62: 449.5 | G62: N/A | H62: 12.5 | I62: 4.5 | J62: =IF(COUNT(G62:I62)=0,"",SUM(G62:I62)) -> 17 | K62: =COUNT(G62:I62) -> 2
A63: Jake Ferguson | B63: TE | C63: DAL | D63: N/A | E63: N/A | F63: 524.5 | G63: N/A | H63: N/A | I63: 4.5 | J63: =IF(COUNT(G63:I63)=0,"",SUM(G63:I63)) -> 4.5 | K63: =COUNT(G63:I63) -> 1
A64: Jakobi Meyers | B64: WR | C64: JAX | D64: N/A | E64: N/A | F64: 649.5 | G64: N/A | H64: N/A | I64: 4.5 | J64: =IF(COUNT(G64:I64)=0,"",SUM(G64:I64)) -> 4.5 | K64: =COUNT(G64:I64) -> 1
A65: Jalen Hurts | B65: QB | C65: PHI | D65: 3249.5 | E65: 424.5 | F65: N/A | G65: 22.5 | H65: 8.5 | I65: N/A | J65: =IF(COUNT(G65:I65)=0,"",SUM(G65:I65)) -> 31 | K65: =COUNT(G65:I65) -> 2
A66: James Cook | B66: RB | C66: BUF | D66: N/A | E66: 1224.5 | F66: N/A | G66: N/A | H66: 10.5 | I66: N/A | J66: =IF(COUNT(G66:I66)=0,"",SUM(G66:I66)) -> 10.5 | K66: =COUNT(G66:I66) -> 1
A67: Jameson Williams | B67: WR | C67: DET | D67: N/A | E67: N/A | F67: 924.5 | G67: N/A | H67: N/A | I67: 5.5 | J67: =IF(COUNT(G67:I67)=0,"",SUM(G67:I67)) -> 5.5 | K67: =COUNT(G67:I67) -> 1
A68: Jared Goff | B68: QB | C68: DET | D68: 4099.5 | E68: N/A | F68: N/A | G68: 29.5 | H68: N/A | I68: N/A | J68: =IF(COUNT(G68:I68)=0,"",SUM(G68:I68)) -> 29.5 | K68: =COUNT(G68:I68) -> 1
A69: Javonte Williams | B69: RB | C69: DAL | D69: N/A | E69: 949.5 | F69: N/A | G69: N/A | H69: 9.5 | I69: N/A | J69: =IF(COUNT(G69:I69)=0,"",SUM(G69:I69)) -> 9.5 | K69: =COUNT(G69:I69) -> 1
A70: Jaxon Smith-Njigba | B70: WR | C70: SEA | D70: N/A | E70: N/A | F70: 1324.5 | G70: N/A | H70: N/A | I70: 8.5 | J70: =IF(COUNT(G70:I70)=0,"",SUM(G70:I70)) -> 8.5 | K70: =COUNT(G70:I70) -> 1
A71: Jaxson Dart | B71: QB | C71: NYG | D71: 3150.5 | E71: 449.5 | F71: N/A | G71: 19.5 | H71: 5.5 | I71: N/A | J71: =IF(COUNT(G71:I71)=0,"",SUM(G71:I71)) -> 25 | K71: =COUNT(G71:I71) -> 2
A72: Jayden Daniels | B72: QB | C72: WAS | D72: 3199.5 | E72: 549.5 | F72: N/A | G72: 21.5 | H72: 4.5 | I72: N/A | J72: =IF(COUNT(G72:I72)=0,"",SUM(G72:I72)) -> 26 | K72: =COUNT(G72:I72) -> 2
A73: Jayden Reed | B73: WR | C73: GB | D73: N/A | E73: N/A | F73: 674.5 | G73: N/A | H73: N/A | I73: N/A | J73: =IF(COUNT(G73:I73)=0,"",SUM(G73:I73)) | K73: =COUNT(G73:I73) -> 0
A74: Jaylen Waddle | B74: WR | C74: DEN | D74: N/A | E74: N/A | F74: 924.5 | G74: N/A | H74: N/A | I74: 5.5 | J74: =IF(COUNT(G74:I74)=0,"",SUM(G74:I74)) -> 5.5 | K74: =COUNT(G74:I74) -> 1
A75: Jaylen Warren | B75: RB | C75: PIT | D75: N/A | E75: 624.5 | F75: N/A | G75: N/A | H75: 4.5 | I75: N/A | J75: =IF(COUNT(G75:I75)=0,"",SUM(G75:I75)) -> 4.5 | K75: =COUNT(G75:I75) -> 1
A76: Jeremiyah Love | B76: RB | C76: ARI | D76: N/A | E76: 774.5 | F76: N/A | G76: N/A | H76: 5.5 | I76: N/A | J76: =IF(COUNT(G76:I76)=0,"",SUM(G76:I76)) -> 5.5 | K76: =COUNT(G76:I76) -> 1
A77: Jerry Jeudy | B77: WR | C77: CLE | D77: N/A | E77: N/A | F77: 549.5 | G77: N/A | H77: N/A | I77: N/A | J77: =IF(COUNT(G77:I77)=0,"",SUM(G77:I77)) | K77: =COUNT(G77:I77) -> 0
A78: Jk Dobbins | B78: RB | C78: DEN | D78: N/A | E78: 674.5 | F78: N/A | G78: N/A | H78: 5.5 | I78: N/A | J78: =IF(COUNT(G78:I78)=0,"",SUM(G78:I78)) -> 5.5 | K78: =COUNT(G78:I78) -> 1
A79: Joe Burrow | B79: QB | C79: CIN | D79: 3999.5 | E79: N/A | F79: N/A | G79: 32.5 | H79: N/A | I79: N/A | J79: =IF(COUNT(G79:I79)=0,"",SUM(G79:I79)) -> 32.5 | K79: =COUNT(G79:I79) -> 1
A80: Jonathan Taylor | B80: RB | C80: IND | D80: N/A | E80: 1224.5 | F80: N/A | G80: N/A | H80: 11.5 | I80: N/A | J80: =IF(COUNT(G80:I80)=0,"",SUM(G80:I80)) -> 11.5 | K80: =COUNT(G80:I80) -> 1
A81: Jordan Addison | B81: WR | C81: MIN | D81: N/A | E81: N/A | F81: 674.5 | G81: N/A | H81: N/A | I81: 4.5 | J81: =IF(COUNT(G81:I81)=0,"",SUM(G81:I81)) -> 4.5 | K81: =COUNT(G81:I81) -> 1
A82: Jordan Love | B82: QB | C82: GB | D82: 3549.5 | E82: N/A | F82: N/A | G82: 25.5 | H82: N/A | I82: N/A | J82: =IF(COUNT(G82:I82)=0,"",SUM(G82:I82)) -> 25.5 | K82: =COUNT(G82:I82) -> 1
A83: Jordan Mason | B83: RB | C83: MIN | D83: N/A | E83: 649.5 | F83: N/A | G83: N/A | H83: 4.5 | I83: N/A | J83: =IF(COUNT(G83:I83)=0,"",SUM(G83:I83)) -> 4.5 | K83: =COUNT(G83:I83) -> 1
A84: Jordyn Tyson | B84: WR | C84: NO | D84: N/A | E84: N/A | F84: 774.5 | G84: N/A | H84: N/A | I84: N/A | J84: =IF(COUNT(G84:I84)=0,"",SUM(G84:I84)) | K84: =COUNT(G84:I84) -> 0
A85: Josh Allen | B85: QB | C85: BUF | D85: 3624.5 | E85: 499.5 | F85: N/A | G85: 25.5 | H85: 11.5 | I85: N/A | J85: =IF(COUNT(G85:I85)=0,"",SUM(G85:I85)) -> 37 | K85: =COUNT(G85:I85) -> 2
A86: Josh Downs | B86: WR | C86: IND | D86: N/A | E86: N/A | F86: 774.5 | G86: N/A | H86: N/A | I86: N/A | J86: =IF(COUNT(G86:I86)=0,"",SUM(G86:I86)) | K86: =COUNT(G86:I86) -> 0
A87: Justin Herbert | B87: QB | C87: LAC | D87: 3650.5 | E87: N/A | F87: N/A | G87: 25.5 | H87: N/A | I87: N/A | J87: =IF(COUNT(G87:I87)=0,"",SUM(G87:I87)) -> 25.5 | K87: =COUNT(G87:I87) -> 1
A88: Justin Jefferson | B88: WR | C88: MIN | D88: N/A | E88: N/A | F88: 1174.5 | G88: N/A | H88: N/A | I88: 6.5 | J88: =IF(COUNT(G88:I88)=0,"",SUM(G88:I88)) -> 6.5 | K88: =COUNT(G88:I88) -> 1
A89: Juwan Johnson | B89: TE | C89: NO | D89: N/A | E89: N/A | F89: 599.5 | G89: N/A | H89: N/A | I89: N/A | J89: =IF(COUNT(G89:I89)=0,"",SUM(G89:I89)) | K89: =COUNT(G89:I89) -> 0
A90: KC Concepcion | B90: WR | C90: CLE | D90: N/A | E90: N/A | F90: 599.5 | G90: N/A | H90: N/A | I90: N/A | J90: =IF(COUNT(G90:I90)=0,"",SUM(G90:I90)) | K90: =COUNT(G90:I90) -> 0
A91: Kenneth Walker | B91: RB | C91: KC | D91: N/A | E91: 949.5 | F91: N/A | G91: N/A | H91: 7.5 | I91: N/A | J91: =IF(COUNT(G91:I91)=0,"",SUM(G91:I91)) -> 7.5 | K91: =COUNT(G91:I91) -> 1
A92: Khalil Shakir | B92: WR | C92: BUF | D92: N/A | E92: N/A | F92: 674.5 | G92: N/A | H92: N/A | I92: N/A | J92: =IF(COUNT(G92:I92)=0,"",SUM(G92:I92)) | K92: =COUNT(G92:I92) -> 0
A93: Kyle Pitts | B93: TE | C93: ATL | D93: N/A | E93: N/A | F93: 749.5 | G93: N/A | H93: N/A | I93: 4.5 | J93: =IF(COUNT(G93:I93)=0,"",SUM(G93:I93)) -> 4.5 | K93: =COUNT(G93:I93) -> 1
A94: Kyler Murray | B94: QB | C94: MIN | D94: 3049.5 | E94: N/A | F94: N/A | G94: 18.5 | H94: N/A | I94: N/A | J94: =IF(COUNT(G94:I94)=0,"",SUM(G94:I94)) -> 18.5 | K94: =COUNT(G94:I94) -> 1
A95: Kyren Williams | B95: RB | C95: LAR | D95: N/A | E95: 949.5 | F95: N/A | G95: N/A | H95: 9.5 | I95: N/A | J95: =IF(COUNT(G95:I95)=0,"",SUM(G95:I95)) -> 9.5 | K95: =COUNT(G95:I95) -> 1
A96: Ladd McConkey | B96: WR | C96: LAC | D96: N/A | E96: N/A | F96: 899.5 | G96: N/A | H96: N/A | I96: 5.5 | J96: =IF(COUNT(G96:I96)=0,"",SUM(G96:I96)) -> 5.5 | K96: =COUNT(G96:I96) -> 1
A97: Lamar Jackson | B97: QB | C97: BAL | D97: 3249.5 | E97: 599.5 | F97: N/A | G97: 24.5 | H97: 3.5 | I97: N/A | J97: =IF(COUNT(G97:I97)=0,"",SUM(G97:I97)) -> 28 | K97: =COUNT(G97:I97) -> 2
A98: Luther Burden | B98: WR | C98: CHI | D98: N/A | E98: N/A | F98: 849.5 | G98: N/A | H98: N/A | I98: 4.5 | J98: =IF(COUNT(G98:I98)=0,"",SUM(G98:I98)) -> 4.5 | K98: =COUNT(G98:I98) -> 1
A99: Makai Lemon | B99: WR | C99: PHI | D99: N/A | E99: N/A | F99: 649.5 | G99: N/A | H99: N/A | I99: N/A | J99: =IF(COUNT(G99:I99)=0,"",SUM(G99:I99)) | K99: =COUNT(G99:I99) -> 0
A100: Malik Nabers | B100: WR | C100: NYG | D100: N/A | E100: N/A | F100: N/A | G100: N/A | H100: N/A | I100: 5.5 | J100: =IF(COUNT(G100:I100)=0,"",SUM(G100:I100)) -> 5.5 | K100: =COUNT(G100:I100) -> 1
A101: Malik Willis | B101: QB | C101: MIA | D101: 2949.5 | E101: 549.5 | F101: N/A | G101: 14.5 | H101: 3.5 | I101: N/A | J101: =IF(COUNT(G101:I101)=0,"",SUM(G101:I101)) -> 18 | K101: =COUNT(G101:I101) -> 2
...

Sheet Draft Log
B1: Player | C1: Drafted By | D1: Timestamp | F1: How this works | I1: ESPN Bridge | J1: Status
A2: 1 | B2: Jahmyr Gibbs | C2: Team Afeef | D2: 0.72924769 | F2: 1 | G2: Automatic ESPN feed will write each pick into columns A:D. | I2: Connection | J2: Connected ✓ — PICKS TICKER v2.4
A3: 2 | B3: Bijan Robinson | C3: Benjamins Bandits | D3: 0.72930556 | F3: 2 | G3: Your Rankings Master will instantly mark that player DRAFTED. | I3: Last Pick | J3: #170 Vikings D/ST
A4: 3 | B4: Ja'Marr Chase | C4: dontsaynosayYA | D4: 0.7297338 | F4: 3 | G4: Until ESPN is connected, you can type a player name in column B to test/use manually. | I4: League | J4: 887910102
A5: 4 | B5: Puka Nacua | C5: Cut to the Chase | D5: 0.72997685 | F5: 4 | G5: Do not edit the Drafted? formulas on Rankings Master. | I5: Season | J5: 2026
A6: 5 | B6: Jaxon Smith-Njigba | C6: JJetts Skatt Hurts | D6: 0.73096065
A7: 6 | B7: Amon-Ra St. Brown | C7: BEST COUNTRY IN THE WORLD | D7: 0.73189815
A8: 7 | B8: Jonathan Taylor | C8: Eight Bell Tolls | D8: 0.73197917
A9: 8 | B9: James Cook III | C9: Mustafa is Not Like Us | D9: 0.73224537
A10: 9 | B10: CeeDee Lamb | C10: The Good, Bad and Ugly | D10: 0.73230324
A11: 10 | B11: Christian McCaffrey | C11: Double Chubb Chocolate Cookie | D11: 0.73240741
A12: 11 | B12: Justin Jefferson | C12: Double Chubb Chocolate Cookie | D12: 0.73253472
A13: 12 | B13: Derrick Henry | C13: The Good, Bad and Ugly | D13: 0.73280093
A14: 13 | B14: Omarion Hampton | C14: Mustafa is Not Like Us | D14: 0.7337037
A15: 14 | B15: De'Von Achane | C15: Eight Bell Tolls | D15: 0.73424769
A16: 15 | B16: Saquon Barkley | C16: BEST COUNTRY IN THE WORLD | D16: 0.73443287
A17: 16 | B17: Trey McBride | C17: JJetts Skatt Hurts | D17: 0.73543981
... A171: 170 | B171: Vikings D/ST | C171: Double Chubb Chocolate Cookie | D171: 0.79885417

Sheet Rankings Master
A1: Platform | D1: ESPN | F1: Team Name: | G1: Mustafa is Not Like Us
A3: Rank | B3: Player | C3: Last | D3: Name | E3: Position | F3: Fantasy Pros Rank | G3: Difference | H3: % Difference | I3: Rating | J3: Picked? | K3: Position | L3: Code | M3: Rushing Yards Prop | N3: Receiving Yards Prop | O3: Passing Yards Prop | Q3: Code | R3: Team | S3: Player | U3: Drafted? | V3: Pick # | W3: Drafted By | Z3: Team | AA3: QB | AB3: RB | AC3: WR | AD3: TE
A4: 1 | B4: Christian | C4: McCaffrey | D4: =IF($D$1="ESPN",INDEX(Table2[Mapped Name],MATCH('Rankings Master'!$A4,Table2[Overall Rank],0)),IF('Rankings Master'!$D$1="NFL.com",INDEX(Table3[Name Clean],MATCH('Rankings Master'!$A4,Table3[Rank],0)),IF('Rankings Master'!$D$1="Sleeper",INDEX(Sleeper!$B$2:$B$201,MATCH('Rankings Master'!$A4,Sleeper!$A$2:$A$201,0)),"Need platform"))) -> Jahmyr Gibbs | E4: =IF($D$1="ESPN",INDEX(Table2[Position],MATCH('Rankings Master'!$A4,Table2[Overall Rank],0)),IF('Rankings Master'!$D$1="NFL.com",INDEX(Table3[Position],MATCH('Rankings Master'!$A4,Table3[Rank],0)),INDEX(Sleeper!$C$2:$C$201,MATCH('Rankings Master'!A4,Sleeper!$A$2:$A$201,0)))) -> RB | F4: =INDEX(Table4[RK],MATCH('Rankings Master'!D4,Table4[PLAYER NAME],0)) -> 1 | G4: =A4-F4 -> 0 | H4: =G4/F4 -> 0 | I4: =IF(AND(H4 > -1, H4 <= -0.5), "Extremely Overvalued", IF(AND(H4 > -0.5, H4 <= -0.15), "Pretty Overvalued", IF(AND(H4 > -0.15, H4 < 0), "Slightly Overvalued", IF(H4 = 0, "At ADP", IF(AND(H4 > 0, H4 <= 0.15), "Slightly Undervalued", IF(AND(H4 > 0.15, H4 <= 0.5), "Pretty Undervalued", IF(AND(H4 > 0.5, H4 <= 1), "Extremely Undervalued", ""))))))) -> At ADP | J4: =IF(W4=$G$1,"M",IF(AND(U4="Drafted",W4<>$G$1),"Y","")) -> Y | K4: =IF(E4="QB",1,IF(E4="RB",2,IF(E4="WR",3,IF(E4="TE",4,IF(E4="K",5,"Check"))))) -> 2 | L4: =IF(J4="M",COUNTIFS($J$4:J4,"M",$E$4:E4,E4)&" - "&K4,"N/A") -> N/A | M4: =IFERROR(INDEX(PlayerSummaryTable[Rushing Yds],MATCH('Rankings Master'!D4,PlayerSummaryTable[Player],0)),"") -> 1199.5 | N4: =IFERROR(INDEX(PlayerSummaryTable[Receiving Yds],MATCH('Rankings Master'!D4,PlayerSummaryTable[Player],0)),"") -> 449.5 | O4: =IFERROR(INDEX(PlayerSummaryTable[Passing Yds],MATCH('Rankings Master'!D4,PlayerSummaryTable[Player],0)),"") -> N/A | Q4: ="1 - 1" -> 1 - 1 | R4: QB1 | S4: =IFERROR(INDEX($D$4:$D$203,MATCH(Q4,$L$4:$L$203,0)),"") -> Trevor Lawrence | U4: =IF(COUNTIF('Draft Log'!$B$2:$B$301,D4)>0,"DRAFTED","") -> DRAFTED | V4: =IFERROR(INDEX('Draft Log'!$A$2:$A$301,MATCH(D4,'Draft Log'!$B$2:$B$301,0)),"") -> 1 | W4: =IFERROR(INDEX('Draft Log'!$C$2:$C$301,MATCH(D4,'Draft Log'!$B$2:$B$301,0)),"") -> Team Afeef | Z4: {=_xlfn.UNIQUE(_xlfn.SORTBY($W$4:$W$402,$V$4:$V$402,1))} -> Team Afeef | AA4: =COUNTIFS($W$4:$W$402,$Z4,$E$4:$E$402,AA$3) -> 2 | AB4: =COUNTIFS($W$4:$W$402,$Z4,$E$4:$E$402,AB$3) -> 5 | AC4: =COUNTIFS($W$4:$W$402,$Z4,$E$4:$E$402,AC$3) -> 6 | AD4: =COUNTIFS($W$4:$W$402,$Z4,$E$4:$E$402,AD$3) -> 2
A5: 2 | B5: CeeDee | C5: Lamb | D5: =IF($D$1="ESPN",INDEX(Table2[Mapped Name],MATCH('Rankings Master'!$A5,Table2[Overall Rank],0)),IF('Rankings Master'!$D$1="NFL.com",INDEX(Table3[Name Clean],MATCH('Rankings Master'!$A5,Table3[Rank],0)),IF('Rankings Master'!$D$1="Sleeper",INDEX(Sleeper!$B$2:$B$201,MATCH('Rankings Master'!$A5,Sleeper!$A$2:$A$201,0)),"Need platform"))) -> Bijan Robinson | E5: =IF($D$1="ESPN",INDEX(Table2[Position],MATCH('Rankings Master'!$A5,Table2[Overall Rank],0)),IF('Rankings Master'!$D$1="NFL.com",INDEX(Table3[Position],MATCH('Rankings Master'!$A5,Table3[Rank],0)),INDEX(Sleeper!$C$2:$C$201,MATCH('Rankings Master'!A5,Sleeper!$A$2:$A$201,0)))) -> RB | F5: =INDEX(Table4[RK],MATCH('Rankings Master'!D5,Table4[PLAYER NAME],0)) -> 3 | G5: =A5-F5 -> -1 | H5: =G5/F5 -> -0.33333333 | I5: =IF(AND(H5 > -1, H5 <= -0.5), "Extremely Overvalued", IF(AND(H5 > -0.5, H5 <= -0.15), "Pretty Overvalued", IF(AND(H5 > -0.15, H5 < 0), "Slightly Overvalued", IF(H5 = 0, "At ADP", IF(AND(H5 > 0, H5 <= 0.15), "Slightly Undervalued", IF(AND(H5 > 0.15, H5 <= 0.5), "Pretty Undervalued", IF(AND(H5 > 0.5, H5 <= 1), "Extremely Undervalued", ""))))))) -> Pretty Overvalued | J5: =IF(W5=$G$1,"M",IF(AND(U5="Drafted",W5<>$G$1),"Y","")) -> Y | K5: =IF(E5="QB",1,IF(E5="RB",2,IF(E5="WR",3,IF(E5="TE",4,IF(E5="K",5,"Check"))))) -> 2 | L5: =IF(J5="M",COUNTIFS($J$4:J5,"M",$E$4:E5,E5)&" - "&K5,"N/A") -> N/A | M5: =IFERROR(INDEX(PlayerSummaryTable[Rushing Yds],MATCH('Rankings Master'!D5,PlayerSummaryTable[Player],0)),"") -> 1174.5 | N5: =IFERROR(INDEX(PlayerSummaryTable[Receiving Yds],MATCH('Rankings Master'!D5,PlayerSummaryTable[Player],0)),"") -> 574.5 | O5: =IFERROR(INDEX(PlayerSummaryTable[Passing Yds],MATCH('Rankings Master'!D5,PlayerSummaryTable[Player],0)),"") -> N/A | Q5: ="2 - 1" -> 2 - 1 | R5: QB2 | S5: =IFERROR(INDEX($D$4:$D$198,MATCH(Q5,$L$4:$L$198,0)),"") -> Justin Herbert | U5: =IF(COUNTIF('Draft Log'!$B$2:$B$301,D5)>0,"DRAFTED","") -> DRAFTED | V5: =IFERROR(INDEX('Draft Log'!$A$2:$A$301,MATCH(D5,'Draft Log'!$B$2:$B$301,0)),"") -> 2 | W5: =IFERROR(INDEX('Draft Log'!$C$2:$C$301,MATCH(D5,'Draft Log'!$B$2:$B$301,0)),"") -> Benjamins Bandits | Z5: Benjamins Bandits | AA5: =COUNTIFS($W$4:$W$402,$Z5,$E$4:$E$402,AA$3) -> 1 | AB5: =COUNTIFS($W$4:$W$402,$Z5,$E$4:$E$402,AB$3) -> 4 | AC5: =COUNTIFS($W$4:$W$402,$Z5,$E$4:$E$402,AC$3) -> 6 | AD5: =COUNTIFS($W$4:$W$402,$Z5,$E$4:$E$402,AD$3) -> 2
A6: 3 | B6: Tyreek | C6: Hill | D6: =IF($D$1="ESPN",INDEX(Table2[Mapped Name],MATCH('Rankings Master'!$A6,Table2[Overall Rank],0)),IF('Rankings Master'!$D$1="NFL.com",INDEX(Table3[Name Clean],MATCH('Rankings Master'!$A6,Table3[Rank],0)),IF('Rankings Master'!$D$1="Sleeper",INDEX(Sleeper!$B$2:$B$201,MATCH('Rankings Master'!$A6,Sleeper!$A$2:$A$201,0)),"Need platform"))) -> Ja'Marr Chase | E6: =IF($D$1="ESPN",INDEX(Table2[Position],MATCH('Rankings Master'!$A6,Table2[Overall Rank],0)),IF('Rankings Master'!$D$1="NFL.com",INDEX(Table3[Position],MATCH('Rankings Master'!$A6,Table3[Rank],0)),INDEX(Sleeper!$C$2:$C$201,MATCH('Rankings Master'!A6,Sleeper!$A$2:$A$201,0)))) -> WR | F6: =INDEX(Table4[RK],MATCH('Rankings Master'!D6,Table4[PLAYER NAME],0)) -> 2 | G6: =A6-F6 -> 1 | H6: =G6/F6 -> 0.5 | I6: =IF(AND(H6 > -1, H6 <= -0.5), "Extremely Overvalued", IF(AND(H6 > -0.5, H6 <= -0.15), "Pretty Overvalued", IF(AND(H6 > -0.15, H6 < 0), "Slightly Overvalued", IF(H6 = 0, "At ADP", IF(AND(H6 > 0, H6 <= 0.15), "Slightly Undervalued", IF(AND(H6 > 0.15, H6 <= 0.5), "Pretty Undervalued", IF(AND(H6 > 0.5, H6 <= 1), "Extremely Undervalued", ""))))))) -> Pretty Undervalued | J6: =IF(W6=$G$1,"M",IF(AND(U6="Drafted",W6<>$G$1),"Y","")) -> Y | K6: =IF(E6="QB",1,IF(E6="RB",2,IF(E6="WR",3,IF(E6="TE",4,IF(E6="K",5,"Check"))))) -> 3 | L6: =IF(J6="M",COUNTIFS($J$4:J6,"M",$E$4:E6,E6)&" - "&K6,"N/A") -> N/A | M6: =IFERROR(INDEX(PlayerSummaryTable[Rushing Yds],MATCH('Rankings Master'!D6,PlayerSummaryTable[Player],0)),"") -> N/A | N6: =IFERROR(INDEX(PlayerSummaryTable[Receiving Yds],MATCH('Rankings Master'!D6,PlayerSummaryTable[Player],0)),"") -> 1324.5 | O6: =IFERROR(INDEX(PlayerSummaryTable[Passing Yds],MATCH('Rankings Master'!D6,PlayerSummaryTable[Player],0)),"") -> N/A | Q6: ="3 - 1" -> 3 - 1 | R6: QB3 | S6: =IFERROR(INDEX($D$4:$D$198,MATCH(Q6,$L$4:$L$198,0)),"") | U6: =IF(COUNTIF('Draft Log'!$B$2:$B$301,D6)>0,"DRAFTED","") -> DRAFTED | V6: =IFERROR(INDEX('Draft Log'!$A$2:$A$301,MATCH(D6,'Draft Log'!$B$2:$B$301,0)),"") -> 3 | W6: =IFERROR(INDEX('Draft Log'!$C$2:$C$301,MATCH(D6,'Draft Log'!$B$2:$B$301,0)),"") -> dontsaynosayYA | Z6: dontsaynosayYA | AA6: =COUNTIFS($W$4:$W$402,$Z6,$E$4:$E$402,AA$3) -> 2 | AB6: =COUNTIFS($W$4:$W$402,$Z6,$E$4:$E$402,AB$3) -> 4 | AC6: =COUNTIFS($W$4:$W$402,$Z6,$E$4:$E$402,AC$3) -> 5 | AD6: =COUNTIFS($W$4:$W$402,$Z6,$E$4:$E$402,AD$3) -> 3
A7: 4 | B7: Ja'Marr | C7: Chase | D7: =IF($D$1="ESPN",INDEX(Table2[Mapped Name],MATCH('Rankings Master'!$A7,Table2[Overall Rank],0)),IF('Rankings Master'!$D$1="NFL.com",INDEX(Table3[Name Clean],MATCH('Rankings Master'!$A7,Table3[Rank],0)),IF('Rankings Master'!$D$1="Sleeper",INDEX(Sleeper!$B$2:$B$201,MATCH('Rankings Master'!$A7,Sleeper!$A$2:$A$201,0)),"Need platform"))) -> Puka Nacua | E7: =IF($D$1="ESPN",INDEX(Table2[Position],MATCH('Rankings Master'!$A7,Table2[Overall Rank],0)),IF('Rankings Master'!$D$1="NFL.com",INDEX(Table3[Position],MATCH('Rankings Master'!$A7,Table3[Rank],0)),INDEX(Sleeper!$C$2:$C$201,MATCH('Rankings Master'!A7,Sleeper!$A$2:$A$201,0)))) -> WR | F7: =INDEX(Table4[RK],MATCH('Rankings Master'!D7,Table4[PLAYER NAME],0)) -> 4 | G7: =A7-F7 -> 0 | H7: =G7/F7 -> 0 | I7: =IF(AND(H7 > -1, H7 <= -0.5), "Extremely Overvalued", IF(AND(H7 > -0.5, H7 <= -0.15), "Pretty Overvalued", IF(AND(H7 > -0.15, H7 < 0), "Slightly Overvalued", IF(H7 = 0, "At ADP", IF(AND(H7 > 0, H7 <= 0.15), "Slightly Undervalued", IF(AND(H7 > 0.15, H7 <= 0.5), "Pretty Undervalued", IF(AND(H7 > 0.5, H7 <= 1), "Extremely Undervalued", ""))))))) -> At ADP | J7: =IF(W7=$G$1,"M",IF(AND(U7="Drafted",W7<>$G$1),"Y","")) -> Y | K7: =IF(E7="QB",1,IF(E7="RB",2,IF(E7="WR",3,IF(E7="TE",4,IF(E7="K",5,"Check"))))) -> 3 | L7: =IF(J7="M",COUNTIFS($J$4:J7,"M",$E$4:E7,E7)&" - "&K7,"N/A") -> N/A | M7: =IFERROR(INDEX(PlayerSummaryTable[Rushing Yds],MATCH('Rankings Master'!D7,PlayerSummaryTable[Player],0)),"") -> N/A | N7: =IFERROR(INDEX(PlayerSummaryTable[Receiving Yds],MATCH('Rankings Master'!D7,PlayerSummaryTable[Player],0)),"") -> 1324.5 | O7: =IFERROR(INDEX(PlayerSummaryTable[Passing Yds],MATCH('Rankings Master'!D7,PlayerSummaryTable[Player],0)),"") -> N/A | Q7: ="1 - 2" -> 1 - 2 | R7: RB1 | S7: =IFERROR(INDEX($D$4:$D$198,MATCH(Q7,$L$4:$L$198,0)),"") -> James Cook III | U7: =IF(COUNTIF('Draft Log'!$B$2:$B$301,D7)>0,"DRAFTED","") -> DRAFTED | V7: =IFERROR(INDEX('Draft Log'!$A$2:$A$301,MATCH(D7,'Draft Log'!$B$2:$B$301,0)),"") -> 4 | W7: =IFERROR(INDEX('Draft Log'!$C$2:$C$301,MATCH(D7,'Draft Log'!$B$2:$B$301,0)),"") -> Cut to the Chase | Z7: Cut to the Chase | AA7: =COUNTIFS($W$4:$W$402,$Z7,$E$4:$E$402,AA$3) -> 1 | AB7: =COUNTIFS($W$4:$W$402,$Z7,$E$4:$E$402,AB$3) -> 5 | AC7: =COUNTIFS($W$4:$W$402,$Z7,$E$4:$E$402,AC$3) -> 7 | AD7: =COUNTIFS($W$4:$W$402,$Z7,$E$4:$E$402,AD$3) -> 2
A8: 5 | B8: Amon-Ra | C8: St. Brown | D8: =IF($D$1="ESPN",INDEX(Table2[Mapped Name],MATCH('Rankings Master'!$A8,Table2[Overall Rank],0)),IF('Rankings Master'!$D$1="NFL.com",INDEX(Table3[Name Clean],MATCH('Rankings Master'!$A8,Table3[Rank],0)),IF('Rankings Master'!$D$1="Sleeper",INDEX(Sleeper!$B$2:$B$201,MATCH('Rankings Master'!$A8,Sleeper!$A$2:$A$201,0)),"Need platform"))) -> Jaxon Smith-Njigba | E8: =IF($D$1="ESPN",INDEX(Table2[Position],MATCH('Rankings Master'!$A8,Table2[Overall Rank],0)),IF('Rankings Master'!$D$1="NFL.com",INDEX(Table3[Position],MATCH('Rankings Master'!$A8,Table3[Rank],0)),INDEX(Sleeper!$C$2:$C$201,MATCH('Rankings Master'!A8,Sleeper!$A$2:$A$201,0)))) -> WR | F8: =INDEX(Table4[RK],MATCH('Rankings Master'!D8,Table4[PLAYER NAME],0)) -> 5 | G8: =A8-F8 -> 0 | H8: =G8/F8 -> 0 | I8: =IF(AND(H8 > -1, H8 <= -0.5), "Extremely Overvalued", IF(AND(H8 > -0.5, H8 <= -0.15), "Pretty Overvalued", IF(AND(H8 > -0.15, H8 < 0), "Slightly Overvalued", IF(H8 = 0, "At ADP", IF(AND(H8 > 0, H8 <= 0.15), "Slightly Undervalued", IF(AND(H8 > 0.15, H8 <= 0.5), "Pretty Undervalued", IF(AND(H8 > 0.5, H8 <= 1), "Extremely Undervalued", ""))))))) -> At ADP | J8: =IF(W8=$G$1,"M",IF(AND(U8="Drafted",W8<>$G$1),"Y","")) -> Y | K8: =IF(E8="QB",1,IF(E8="RB",2,IF(E8="WR",3,IF(E8="TE",4,IF(E8="K",5,"Check"))))) -> 3 | L8: =IF(J8="M",COUNTIFS($J$4:J8,"M",$E$4:E8,E8)&" - "&K8,"N/A") -> N/A | M8: =IFERROR(INDEX(PlayerSummaryTable[Rushing Yds],MATCH('Rankings Master'!D8,PlayerSummaryTable[Player],0)),"") -> N/A | N8: =IFERROR(INDEX(PlayerSummaryTable[Receiving Yds],MATCH('Rankings Master'!D8,PlayerSummaryTable[Player],0)),"") -> 1324.5 | O8: =IFERROR(INDEX(PlayerSummaryTable[Passing Yds],MATCH('Rankings Master'!D8,PlayerSummaryTable[Player],0)),"") -> N/A | Q8: ="2 - 2" -> 2 - 2 | R8: RB2 | S8: =IFERROR(INDEX($D$4:$D$198,MATCH(Q8,$L$4:$L$198,0)),"") -> Omarion Hampton | U8: =IF(COUNTIF('Draft Log'!$B$2:$B$301,D8)>0,"DRAFTED","") -> DRAFTED | V8: =IFERROR(INDEX('Draft Log'!$A$2:$A$301,MATCH(D8,'Draft Log'!$B$2:$B$301,0)),"") -> 5 | W8: =IFERROR(INDEX('Draft Log'!$C$2:$C$301,MATCH(D8,'Draft Log'!$B$2:$B$301,0)),"") -> JJetts Skatt Hurts | Z8: JJetts Skatt Hurts | AA8: =COUNTIFS($W$4:$W$402,$Z8,$E$4:$E$402,AA$3) -> 1 | AB8: =COUNTIFS($W$4:$W$402,$Z8,$E$4:$E$402,AB$3) -> 7 | AC8: =COUNTIFS($W$4:$W$402,$Z8,$E$4:$E$402,AC$3) -> 6 | AD8: =COUNTIFS($W$4:$W$402,$Z8,$E$4:$E$402,AD$3) -> 1
A9: 6 | B9: Justin | C9: Jefferson | D9: =IF($D$1="ESPN",INDEX(Table2[Mapped Name],MATCH('Rankings Master'!$A9,Table2[Overall Rank],0)),IF('Rankings Master'!$D$1="NFL.com",INDEX(Table3[Name Clean],MATCH('Rankings Master'!$A9,Table3[Rank],0)),IF('Rankings Master'!$D$1="Sleeper",INDEX(Sleeper!$B$2:$B$201,MATCH('Rankings Master'!$A9,Sleeper!$A$2:$A$201,0)),"Need platform"))) -> Christian McCaffrey | E9: =IF($D$1="ESPN",INDEX(Table2[Position],MATCH('Rankings Master'!$A9,Table2[Overall Rank],0)),IF('Rankings Master'!$D$1="NFL.com",INDEX(Table3[Position],MATCH('Rankings Master'!$A9,Table3[Rank],0)),INDEX(Sleeper!$C$2:$C$201,MATCH('Rankings Master'!A9,Sleeper!$A$2:$A$201,0)))) -> RB | F9: =INDEX(Table4[RK],MATCH('Rankings Master'!D9,Table4[PLAYER NAME],0)) -> 9 | G9: =A9-F9 -> -3 | H9: =G9/F9 -> -0.33333333 | I9: =IF(AND(H9 > -1, H9 <= -0.5), "Extremely Overvalued", IF(AND(H9 > -0.5, H9 <= -0.15), "Pretty Overvalued", IF(AND(H9 > -0.15, H9 < 0), "Slightly Overvalued", IF(H9 = 0, "At ADP", IF(AND(H9 > 0, H9 <= 0.15), "Slightly Undervalued", IF(AND(H9 > 0.15, H9 <= 0.5), "Pretty Undervalued", IF(AND(H9 > 0.5, H9 <= 1), "Extremely Undervalued", ""))))))) -> Pretty Overvalued | J9: =IF(W9=$G$1,"M",IF(AND(U9="Drafted",W9<>$G$1),"Y","")) -> Y | K9: =IF(E9="QB",1,IF(E9="RB",2,IF(E9="WR",3,IF(E9="TE",4,IF(E9="K",5,"Check"))))) -> 2 | L9: =IF(J9="M",COUNTIFS($J$4:J9,"M",$E$4:E9,E9)&" - "&K9,"N/A") -> N/A | M9: =IFERROR(INDEX(PlayerSummaryTable[Rushing Yds],MATCH('Rankings Master'!D9,PlayerSummaryTable[Player],0)),"") -> 949.5 | N9: =IFERROR(INDEX(PlayerSummaryTable[Receiving Yds],MATCH('Rankings Master'!D9,PlayerSummaryTable[Player],0)),"") -> 574.5 | O9: =IFERROR(INDEX(PlayerSummaryTable[Passing Yds],MATCH('Rankings Master'!D9,PlayerSummaryTable[Player],0)),"") -> N/A | Q9: ="3 - 2" -> 3 - 2 | R9: RB3 | S9: =IFERROR(INDEX($D$4:$D$198,MATCH(Q9,$L$4:$L$198,0)),"") -> Kenny Gainwell | U9: =IF(COUNTIF('Draft Log'!$B$2:$B$301,D9)>0,"DRAFTED","") -> DRAFTED | V9: =IFERROR(INDEX('Draft Log'!$A$2:$A$301,MATCH(D9,'Draft Log'!$B$2:$B$301,0)),"") -> 10 | W9: =IFERROR(INDEX('Draft Log'!$C$2:$C$301,MATCH(D9,'Draft Log'!$B$2:$B$301,0)),"") -> Double Chubb Chocolate Cookie | Z9: BEST COUNTRY IN THE WORLD | AA9: =COUNTIFS($W$4:$W$402,$Z9,$E$4:$E$402,AA$3) -> 2 | AB9: =COUNTIFS($W$4:$W$402,$Z9,$E$4:$E$402,AB$3) -> 5 | AC9: =COUNTIFS($W$4:$W$402,$Z9,$E$4:$E$402,AC$3) -> 6 | AD9: =COUNTIFS($W$4:$W$402,$Z9,$E$4:$E$402,AD$3) -> 2
A10: 7 | B10: Breece | C10: Hall | D10: =IF($D$1="ESPN",INDEX(Table2[Mapped Name],MATCH('Rankings Master'!$A10,Table2[Overall Rank],0)),IF('Rankings Master'!$D$1="NFL.com",INDEX(Table3[Name Clean],MATCH('Rankings Master'!$A10,Table3[Rank],0)),IF('Rankings Master'!$D$1="Sleeper",INDEX(Sleeper!$B$2:$B$201,MATCH('Rankings Master'!$A10,Sleeper!$A$2:$A$201,0)),"Need platform"))) -> Jonathan Taylor | E10: =IF($D$1="ESPN",INDEX(Table2[Position],MATCH('Rankings Master'!$A10,Table2[Overall Rank],0)),IF('Rankings Master'!$D$1="NFL.com",INDEX(Table3[Position],MATCH('Rankings Master'!$A10,Table3[Rank],0)),INDEX(Sleeper!$C$2:$C$201,MATCH('Rankings Master'!A10,Sleeper!$A$2:$A$201,0)))) -> RB | F10: =INDEX(Table4[RK],MATCH('Rankings Master'!D10,Table4[PLAYER NAME],0)) -> 7 | G10: =A10-F10 -> 0 | H10: =G10/F10 -> 0 | I10: =IF(AND(H10 > -1, H10 <= -0.5), "Extremely Overvalued", IF(AND(H10 > -0.5, H10 <= -0.15), "Pretty Overvalued", IF(AND(H10 > -0.15, H10 < 0), "Slightly Overvalued", IF(H10 = 0, "At ADP", IF(AND(H10 > 0, H10 <= 0.15), "Slightly Undervalued", IF(AND(H10 > 0.15, H10 <= 0.5), "Pretty Undervalued", IF(AND(H10 > 0.5, H10 <= 1), "Extremely Undervalued", ""))))))) -> At ADP | J10: =IF(W10=$G$1,"M",IF(AND(U10="Drafted",W10<>$G$1),"Y","")) -> Y | K10: =IF(E10="QB",1,IF(E10="RB",2,IF(E10="WR",3,IF(E10="TE",4,IF(E10="K",5,"Check"))))) -> 2 | L10: =IF(J10="M",COUNTIFS($J$4:J10,"M",$E$4:E10,E10)&" - "&K10,"N/A") -> N/A | M10: =IFERROR(INDEX(PlayerSummaryTable[Rushing Yds],MATCH('Rankings Master'!D10,PlayerSummaryTable[Player],0)),"") -> 1224.5 | N10: =IFERROR(INDEX(PlayerSummaryTable[Receiving Yds],MATCH('Rankings Master'!D10,PlayerSummaryTable[Player],0)),"") -> N/A | O10: =IFERROR(INDEX(PlayerSummaryTable[Passing Yds],MATCH('Rankings Master'!D10,PlayerSummaryTable[Player],0)),"") -> N/A | Q10: ="4 - 2" -> 4 - 2 | R10: RB4 | S10: =IFERROR(INDEX($D$4:$D$198,MATCH(Q10,$L$4:$L$198,0)),"") -> Blake Corum | U10: =IF(COUNTIF('Draft Log'!$B$2:$B$301,D10)>0,"DRAFTED","") -> DRAFTED | V10: =IFERROR(INDEX('Draft Log'!$A$2:$A$301,MATCH(D10,'Draft Log'!$B$2:$B$301,0)),"") -> 7 | W10: =IFERROR(INDEX('Draft Log'!$C$2:$C$301,MATCH(D10,'Draft Log'!$B$2:$B$301,0)),"") -> Eight Bell Tolls | Z10: Eight Bell Tolls | AA10: =COUNTIFS($W$4:$W$402,$Z10,$E$4:$E$402,AA$3) -> 2 | AB10: =COUNTIFS($W$4:$W$402,$Z10,$E$4:$E$402,AB$3) -> 6 | AC10: =COUNTIFS($W$4:$W$402,$Z10,$E$4:$E$402,AC$3) -> 5 | AD10: =COUNTIFS($W$4:$W$402,$Z10,$E$4:$E$402,AD$3) -> 1
A11: 8 | B11: Bijan | C11: Robinson | D11: =IF($D$1="ESPN",INDEX(Table2[Mapped Name],MATCH('Rankings Master'!$A11,Table2[Overall Rank],0)),IF('Rankings Master'!$D$1="NFL.com",INDEX(Table3[Name Clean],MATCH('Rankings Master'!$A11,Table3[Rank],0)),IF('Rankings Master'!$D$1="Sleeper",INDEX(Sleeper!$B$2:$B$201,MATCH('Rankings Master'!$A11,Sleeper!$A$2:$A$201,0)),"Need platform"))) -> Amon-Ra St. Brown | E11: =IF($D$1="ESPN",INDEX(Table2[Position],MATCH('Rankings Master'!$A11,Table2[Overall Rank],0)),IF('Rankings Master'!$D$1="NFL.com",INDEX(Table3[Position],MATCH('Rankings Master'!$A11,Table3[Rank],0)),INDEX(Sleeper!$C$2:$C$201,MATCH('Rankings Master'!A11,Sleeper!$A$2:$A$201,0)))) -> WR | F11: =INDEX(Table4[RK],MATCH('Rankings Master'!D11,Table4[PLAYER NAME],0)) -> 6 | G11: =A11-F11 -> 2 | H11: =G11/F11 -> 0.33333333 | I11: =IF(AND(H11 > -1, H11 <= -0.5), "Extremely Overvalued", IF(AND(H11 > -0.5, H11 <= -0.15), "Pretty Overvalued", IF(AND(H11 > -0.15, H11 < 0), "Slightly Overvalued", IF(H11 = 0, "At ADP", IF(AND(H11 > 0, H11 <= 0.15), "Slightly Undervalued", IF(AND(H11 > 0.15, H11 <= 0.5), "Pretty Undervalued", IF(AND(H11 > 0.5, H11 <= 1), "Extremely Undervalued", ""))))))) -> Pretty Undervalued | J11: =IF(W11=$G$1,"M",IF(AND(U11="Drafted",W11<>$G$1),"Y","")) -> Y | K11: =IF(E11="QB",1,IF(E11="RB",2,IF(E11="WR",3,IF(E11="TE",4,IF(E11="K",5,"Check"))))) -> 3 | L11: =IF(J11="M",COUNTIFS($J$4:J11,"M",$E$4:E11,E11)&" - "&K11,"N/A") -> N/A | M11: =IFERROR(INDEX(PlayerSummaryTable[Rushing Yds],MATCH('Rankings Master'!D11,PlayerSummaryTable[Player],0)),"") | N11: =IFERROR(INDEX(PlayerSummaryTable[Receiving Yds],MATCH('Rankings Master'!D11,PlayerSummaryTable[Player],0)),"") | O11: =IFERROR(INDEX(PlayerSummaryTable[Passing Yds],MATCH('Rankings Master'!D11,PlayerSummaryTable[Player],0)),"") | Q11: ="5 - 2" -> 5 - 2 | R11: RB5 | S11: =IFERROR(INDEX($D$4:$D$198,MATCH(Q11,$L$4:$L$198,0)),"") -> Chris Rodriguez Jr. | U11: =IF(COUNTIF('Draft Log'!$B$2:$B$301,D11)>0,"DRAFTED","") -> DRAFTED | V11: =IFERROR(INDEX('Draft Log'!$A$2:$A$301,MATCH(D11,'Draft Log'!$B$2:$B$301,0)),"") -> 6 | W11: =IFERROR(INDEX('Draft Log'!$C$2:$C$301,MATCH(D11,'Draft Log'!$B$2:$B$301,0)),"") -> BEST COUNTRY IN THE WORLD | Z11: Mustafa is Not Like Us | AA11: =COUNTIFS($W$4:$W$402,$Z11,$E$4:$E$402,AA$3) -> 2 | AB11: =COUNTIFS($W$4:$W$402,$Z11,$E$4:$E$402,AB$3) -> 7 | AC11: =COUNTIFS($W$4:$W$402,$Z11,$E$4:$E$402,AC$3) -> 5 | AD11: =COUNTIFS($W$4:$W$402,$Z11,$E$4:$E$402,AD$3) -> 1
A12: 9 | B12: A.J. | C12: Brown | D12: =IF($D$1="ESPN",INDEX(Table2[Mapped Name],MATCH('Rankings Master'!$A12,Table2[Overall Rank],0)),IF('Rankings Master'!$D$1="NFL.com",INDEX(Table3[Name Clean],MATCH('Rankings Master'!$A12,Table3[Rank],0)),IF('Rankings Master'!$D$1="Sleeper",INDEX(Sleeper!$B$2:$B$201,MATCH('Rankings Master'!$A12,Sleeper!$A$2:$A$201,0)),"Need platform"))) -> CeeDee Lamb | E12: =IF($D$1="ESPN",INDEX(Table2[Position],MATCH('Rankings Master'!$A12,Table2[Overall Rank],0)),IF('Rankings Master'!$D$1="NFL.com",INDEX(Table3[Position],MATCH('Rankings Master'!$A12,Table3[Rank],0)),INDEX(Sleeper!$C$2:$C$201,MATCH('Rankings Master'!A12,Sleeper!$A$2:$A$201,0)))) -> WR | F12: =INDEX(Table4[RK],MATCH('Rankings Master'!D12,Table4[PLAYER NAME],0)) -> 10 | G12: =A12-F12 -> -1 | H12: =G12/F12 -> -0.1 | I12: =IF(AND(H12 > -1, H12 <= -0.5), "Extremely Overvalued", IF(AND(H12 > -0.5, H12 <= -0.15), "Pretty Overvalued", IF(AND(H12 > -0.15, H12 < 0), "Slightly Overvalued", IF(H12 = 0, "At ADP", IF(AND(H12 > 0, H12 <= 0.15), "Slightly Undervalued", IF(AND(H12 > 0.15, H12 <= 0.5), "Pretty Undervalued", IF(AND(H12 > 0.5, H12 <= 1), "Extremely Undervalued", ""))))))) -> Slightly Overvalued | J12: =IF(W12=$G$1,"M",IF(AND(U12="Drafted",W12<>$G$1),"Y","")) -> Y | K12: =IF(E12="QB",1,IF(E12="RB",2,IF(E12="WR",3,IF(E12="TE",4,IF(E12="K",5,"Check"))))) -> 3 | L12: =IF(J12="M",COUNTIFS($J$4:J12,"M",$E$4:E12,E12)&" - "&K12,"N/A") -> N/A | M12: =IFERROR(INDEX(PlayerSummaryTable[Rushing Yds],MATCH('Rankings Master'!D12,PlayerSummaryTable[Player],0)),"") -> N/A | N12: =IFERROR(INDEX(PlayerSummaryTable[Receiving Yds],MATCH('Rankings Master'!D12,PlayerSummaryTable[Player],0)),"") -> 1199.5 | O12: =IFERROR(INDEX(PlayerSummaryTable[Passing Yds],MATCH('Rankings Master'!D12,PlayerSummaryTable[Player],0)),"") -> N/A | Q12: ="6 - 2" -> 6 - 2 | R12: RB6 | S12: =IFERROR(INDEX($D$4:$D$198,MATCH(Q12,$L$4:$L$198,0)),"") -> Tyler Allgeier | U12: =IF(COUNTIF('Draft Log'!$B$2:$B$301,D12)>0,"DRAFTED","") -> DRAFTED | V12: =IFERROR(INDEX('Draft Log'!$A$2:$A$301,MATCH(D12,'Draft Log'!$B$2:$B$301,0)),"") -> 9 | W12: =IFERROR(INDEX('Draft Log'!$C$2:$C$301,MATCH(D12,'Draft Log'!$B$2:$B$301,0)),"") -> The Good, Bad and Ugly | Z12: The Good, Bad and Ugly | AA12: =COUNTIFS($W$4:$W$402,$Z12,$E$4:$E$402,AA$3) -> 2 | AB12: =COUNTIFS($W$4:$W$402,$Z12,$E$4:$E$402,AB$3) -> 4 | AC12: =COUNTIFS($W$4:$W$402,$Z12,$E$4:$E$402,AC$3) -> 7 | AD12: =COUNTIFS($W$4:$W$402,$Z12,$E$4:$E$402,AD$3) -> 2
A13: 10 | B13: Puka | C13: Nacua | D13: =IF($D$1="ESPN",INDEX(Table2[Mapped Name],MATCH('Rankings Master'!$A13,Table2[Overall Rank],0)),IF('Rankings Master'!$D$1="NFL.com",INDEX(Table3[Name Clean],MATCH('Rankings Master'!$A13,Table3[Rank],0)),IF('Rankings Master'!$D$1="Sleeper",INDEX(Sleeper!$B$2:$B$201,MATCH('Rankings Master'!$A13,Sleeper!$A$2:$A$201,0)),"Need platform"))) -> Justin Jefferson | E13: =IF($D$1="ESPN",INDEX(Table2[Position],MATCH('Rankings Master'!$A13,Table2[Overall Rank],0)),IF('Rankings Master'!$D$1="NFL.com",INDEX(Table3[Position],MATCH('Rankings Master'!$A13,Table3[Rank],0)),INDEX(Sleeper!$C$2:$C$201,MATCH('Rankings Master'!A13,Sleeper!$A$2:$A$201,0)))) -> WR | F13: =INDEX(Table4[RK],MATCH('Rankings Master'!D13,Table4[PLAYER NAME],0)) -> 11 | G13: =A13-F13 -> -1 | H13: =G13/F13 -> -0.090909091 | I13: =IF(AND(H13 > -1, H13 <= -0.5), "Extremely Overvalued", IF(AND(H13 > -0.5, H13 <= -0.15), "Pretty Overvalued", IF(AND(H13 > -0.15, H13 < 0), "Slightly Overvalued", IF(H13 = 0, "At ADP", IF(AND(H13 > 0, H13 <= 0.15), "Slightly Undervalued", IF(AND(H13 > 0.15, H13 <= 0.5), "Pretty Undervalued", IF(AND(H13 > 0.5, H13 <= 1), "Extremely Undervalued", ""))))))) -> Slightly Overvalued | J13: =IF(W13=$G$1,"M",IF(AND(U13="Drafted",W13<>$G$1),"Y","")) -> Y | K13: =IF(E13="QB",1,IF(E13="RB",2,IF(E13="WR",3,IF(E13="TE",4,IF(E13="K",5,"Check"))))) -> 3 | L13: =IF(J13="M",COUNTIFS($J$4:J13,"M",$E$4:E13,E13)&" - "&K13,"N/A") -> N/A | M13: =IFERROR(INDEX(PlayerSummaryTable[Rushing Yds],MATCH('Rankings Master'!D13,PlayerSummaryTable[Player],0)),"") -> N/A | N13: =IFERROR(INDEX(PlayerSummaryTable[Receiving Yds],MATCH('Rankings Master'!D13,PlayerSummaryTable[Player],0)),"") -> 1174.5 | O13: =IFERROR(INDEX(PlayerSummaryTable[Passing Yds],MATCH('Rankings Master'!D13,PlayerSummaryTable[Player],0)),"") -> N/A | Q13: ="1 - 3" -> 1 - 3 | R13: WR1 | S13: =IFERROR(INDEX($D$4:$D$198,MATCH(Q13,$L$4:$L$198,0)),"") -> DeVonta Smith | U13: =IF(COUNTIF('Draft Log'!$B$2:$B$301,D13)>0,"DRAFTED","") -> DRAFTED | V13: =IFERROR(INDEX('Draft Log'!$A$2:$A$301,MATCH(D13,'Draft Log'!$B$2:$B$301,0)),"") -> 11 | W13: =IFERROR(INDEX('Draft Log'!$C$2:$C$301,MATCH(D13,'Draft Log'!$B$2:$B$301,0)),"") -> Double Chubb Chocolate Cookie | Z13: Double Chubb Chocolate Cookie | AA13: =COUNTIFS($W$4:$W$402,$Z13,$E$4:$E$402,AA$3) -> 1 | AB13: =COUNTIFS($W$4:$W$402,$Z13,$E$4:$E$402,AB$3) -> 7 | AC13: =COUNTIFS($W$4:$W$402,$Z13,$E$4:$E$402,AC$3) -> 6 | AD13: =COUNTIFS($W$4:$W$402,$Z13,$E$4:$E$402,AD$3) -> 1
A14: 11 | B14: Garrett | C14: Wilson | D14: =IF($D$1="ESPN",INDEX(Table2[Mapped Name],MATCH('Rankings Master'!$A14,Table2[Overall Rank],0)),IF('Rankings Master'!$D$1="NFL.com",INDEX(Table3[Name Clean],MATCH('Rankings Master'!$A14,Table3[Rank],0)),IF('Rankings Master'!$D$1="Sleeper",INDEX(Sleeper!$B$2:$B$201,MATCH('Rankings Master'!$A14,Sleeper!$A$2:$A$201,0)),"Need platform"))) -> Derrick Henry | E14: =IF($D$1="ESPN",INDEX(Table2[Position],MATCH('Rankings Master'!$A14,Table2[Overall Rank],0)),IF('Rankings Master'!$D$1="NFL.com",INDEX(Table3[Position],MATCH('Rankings Master'!$A14,Table3[Rank],0)),INDEX(Sleeper!$C$2:$C$201,MATCH('Rankings Master'!A14,Sleeper!$A$2:$A$201,0)))) -> RB | F14: =INDEX(Table4[RK],MATCH('Rankings Master'!D14,Table4[PLAYER NAME],0)) -> 14 | G14: =A14-F14 -> -3 | H14: =G14/F14 -> -0.21428571 | I14: =IF(AND(H14 > -1, H14 <= -0.5), "Extremely Overvalued", IF(AND(H14 > -0.5, H14 <= -0.15), "Pretty Overvalued", IF(AND(H14 > -0.15, H14 < 0), "Slightly Overvalued", IF(H14 = 0, "At ADP", IF(AND(H14 > 0, H14 <= 0.15), "Slightly Undervalued", IF(AND(H14 > 0.15, H14 <= 0.5), "Pretty Undervalued", IF(AND(H14 > 0.5, H14 <= 1), "Extremely Undervalued", ""))))))) -> Pretty Overvalued | J14: =IF(W14=$G$1,"M",IF(AND(U14="Drafted",W14<>$G$1),"Y","")) -> Y | K14: =IF(E14="QB",1,IF(E14="RB",2,IF(E14="WR",3,IF(E14="TE",4,IF(E14="K",5,"Check"))))) -> 2 | L14: =IF(J14="M",COUNTIFS($J$4:J14,"M",$E$4:E14,E14)&" - "&K14,"N/A") -> N/A | M14: =IFERROR(INDEX(PlayerSummaryTable[Rushing Yds],MATCH('Rankings Master'!D14,PlayerSummaryTable[Player],0)),"") -> 1249.5 | N14: =IFERROR(INDEX(PlayerSummaryTable[Receiving Yds],MATCH('Rankings Master'!D14,PlayerSummaryTable[Player],0)),"") -> N/A | O14: =IFERROR(INDEX(PlayerSummaryTable[Passing Yds],MATCH('Rankings Master'!D14,PlayerSummaryTable[Player],0)),"") -> N/A | Q14: ="2 - 3" -> 2 - 3 | R14: WR2 | S14: =IFERROR(INDEX($D$4:$D$198,MATCH(Q14,$L$4:$L$198,0)),"") -> Jameson Williams | U14: =IF(COUNTIF('Draft Log'!$B$2:$B$301,D14)>0,"DRAFTED","") -> DRAFTED | V14: =IFERROR(INDEX('Draft Log'!$A$2:$A$301,MATCH(D14,'Draft Log'!$B$2:$B$301,0)),"") -> 12 | W14: =IFERROR(INDEX('Draft Log'!$C$2:$C$301,MATCH(D14,'Draft Log'!$B$2:$B$301,0)),"") -> The Good, Bad and Ugly
A15: 12 | B15: Saquon | C15: Barkley | D15: =IF($D$1="ESPN",INDEX(Table2[Mapped Name],MATCH('Rankings Master'!$A15,Table2[Overall Rank],0)),IF('Rankings Master'!$D$1="NFL.com",INDEX(Table3[Name Clean],MATCH('Rankings Master'!$A15,Table3[Rank],0)),IF('Rankings Master'!$D$1="Sleeper",INDEX(Sleeper!$B$2:$B$201,MATCH('Rankings Master'!$A15,Sleeper!$A$2:$A$201,0)),"Need platform"))) -> James Cook III | E15: =IF($D$1="ESPN",INDEX(Table2[Position],MATCH('Rankings Master'!$A15,Table2[Overall Rank],0)),IF('Rankings Master'!$D$1="NFL.com",INDEX(Table3[Position],MATCH('Rankings Master'!$A15,Table3[Rank],0)),INDEX(Sleeper!$C$2:$C$201,MATCH('Rankings Master'!A15,Sleeper!$A$2:$A$201,0)))) -> RB | F15: =INDEX(Table4[RK],MATCH('Rankings Master'!D15,Table4[PLAYER NAME],0)) -> 8 | G15: =A15-F15 -> 4 | H15: =G15/F15 -> 0.5 | I15: =IF(AND(H15 > -1, H15 <= -0.5), "Extremely Overvalued", IF(AND(H15 > -0.5, H15 <= -0.15), "Pretty Overvalued", IF(AND(H15 > -0.15, H15 < 0), "Slightly Overvalued", IF(H15 = 0, "At ADP", IF(AND(H15 > 0, H15 <= 0.15), "Slightly Undervalued", IF(AND(H15 > 0.15, H15 <= 0.5), "Pretty Undervalued", IF(AND(H15 > 0.5, H15 <= 1), "Extremely Undervalued", ""))))))) -> Pretty Undervalued | J15: =IF(W15=$G$1,"M",IF(AND(U15="Drafted",W15<>$G$1),"Y","")) -> M | K15: =IF(E15="QB",1,IF(E15="RB",2,IF(E15="WR",3,IF(E15="TE",4,IF(E15="K",5,"Check"))))) -> 2 | L15: =IF(J15="M",COUNTIFS($J$4:J15,"M",$E$4:E15,E15)&" - "&K15,"N/A") -> 1 - 2 | M15: =IFERROR(INDEX(PlayerSummaryTable[Rushing Yds],MATCH('Rankings Master'!D15,PlayerSummaryTable[Player],0)),"") | N15: =IFERROR(INDEX(PlayerSummaryTable[Receiving Yds],MATCH('Rankings Master'!D15,PlayerSummaryTable[Player],0)),"") | O15: =IFERROR(INDEX(PlayerSummaryTable[Passing Yds],MATCH('Rankings Master'!D15,PlayerSummaryTable[Player],0)),"") | Q15: ="3 - 3" -> 3 - 3 | R15: WR3 | S15: =IFERROR(INDEX($D$4:$D$198,MATCH(Q15,$L$4:$L$198,0)),"") -> Luther Burden III | U15: =IF(COUNTIF('Draft Log'!$B$2:$B$301,D15)>0,"DRAFTED","") -> DRAFTED | V15: =IFERROR(INDEX('Draft Log'!$A$2:$A$301,MATCH(D15,'Draft Log'!$B$2:$B$301,0)),"") -> 8 | W15: =IFERROR(INDEX('Draft Log'!$C$2:$C$301,MATCH(D15,'Draft Log'!$B$2:$B$301,0)),"") -> Mustafa is Not Like Us
A16: 13 | B16: Jonathan | C16: Taylor | D16: =IF($D$1="ESPN",INDEX(Table2[Mapped Name],MATCH('Rankings Master'!$A16,Table2[Overall Rank],0)),IF('Rankings Master'!$D$1="NFL.com",INDEX(Table3[Name Clean],MATCH('Rankings Master'!$A16,Table3[Rank],0)),IF('Rankings Master'!$D$1="Sleeper",INDEX(Sleeper!$B$2:$B$201,MATCH('Rankings Master'!$A16,Sleeper!$A$2:$A$201,0)),"Need platform"))) -> De'Von Achane | E16: =IF($D$1="ESPN",INDEX(Table2[Position],MATCH('Rankings Master'!$A16,Table2[Overall Rank],0)),IF('Rankings Master'!$D$1="NFL.com",INDEX(Table3[Position],MATCH('Rankings Master'!$A16,Table3[Rank],0)),INDEX(Sleeper!$C$2:$C$201,MATCH('Rankings Master'!A16,Sleeper!$A$2:$A$201,0)))) -> RB | F16: =INDEX(Table4[RK],MATCH('Rankings Master'!D16,Table4[PLAYER NAME],0)) -> 23 | G16: =A16-F16 -> -10 | H16: =G16/F16 -> -0.43478261 | I16: =IF(AND(H16 > -1, H16 <= -0.5), "Extremely Overvalued", IF(AND(H16 > -0.5, H16 <= -0.15), "Pretty Overvalued", IF(AND(H16 > -0.15, H16 < 0), "Slightly Overvalued", IF(H16 = 0, "At ADP", IF(AND(H16 > 0, H16 <= 0.15), "Slightly Undervalued", IF(AND(H16 > 0.15, H16 <= 0.5), "Pretty Undervalued", IF(AND(H16 > 0.5, H16 <= 1), "Extremely Undervalued", ""))))))) -> Pretty Overvalued | J16: =IF(W16=$G$1,"M",IF(AND(U16="Drafted",W16<>$G$1),"Y","")) -> Y | K16: =IF(E16="QB",1,IF(E16="RB",2,IF(E16="WR",3,IF(E16="TE",4,IF(E16="K",5,"Check"))))) -> 2 | L16: =IF(J16="M",COUNTIFS($J$4:J16,"M",$E$4:E16,E16)&" - "&K16,"N/A") -> N/A | M16: =IFERROR(INDEX(PlayerSummaryTable[Rushing Yds],MATCH('Rankings Master'!D16,PlayerSummaryTable[Player],0)),"") -> 974.5 | N16: =IFERROR(INDEX(PlayerSummaryTable[Receiving Yds],MATCH('Rankings Master'!D16,PlayerSummaryTable[Player],0)),"") -> N/A | O16: =IFERROR(INDEX(PlayerSummaryTable[Passing Yds],MATCH('Rankings Master'!D16,PlayerSummaryTable[Player],0)),"") -> N/A | Q16: ="4 - 3" -> 4 - 3 | R16: WR4 | S16: =IFERROR(INDEX($D$4:$D$198,MATCH(Q16,$L$4:$L$198,0)),"") -> Carnell Tate | U16: =IF(COUNTIF('Draft Log'!$B$2:$B$301,D16)>0,"DRAFTED","") -> DRAFTED | V16: =IFERROR(INDEX('Draft Log'!$A$2:$A$301,MATCH(D16,'Draft Log'!$B$2:$B$301,0)),"") -> 14 | W16: =IFERROR(INDEX('Draft Log'!$C$2:$C$301,MATCH(D16,'Draft Log'!$B$2:$B$301,0)),"") -> Eight Bell Tolls
A17: 14 | B17: Jahmyr | C17: Gibbs | D17: =IF($D$1="ESPN",INDEX(Table2[Mapped Name],MATCH('Rankings Master'!$A17,Table2[Overall Rank],0)),IF('Rankings Master'!$D$1="NFL.com",INDEX(Table3[Name Clean],MATCH('Rankings Master'!$A17,Table3[Rank],0)),IF('Rankings Master'!$D$1="Sleeper",INDEX(Sleeper!$B$2:$B$201,MATCH('Rankings Master'!$A17,Sleeper!$A$2:$A$201,0)),"Need platform"))) -> Drake London | E17: =IF($D$1="ESPN",INDEX(Table2[Position],MATCH('Rankings Master'!$A17,Table2[Overall Rank],0)),IF('Rankings Master'!$D$1="NFL.com",INDEX(Table3[Position],MATCH('Rankings Master'!$A17,Table3[Rank],0)),INDEX(Sleeper!$C$2:$C$201,MATCH('Rankings Master'!A17,Sleeper!$A$2:$A$201,0)))) -> WR | F17: =INDEX(Table4[RK],MATCH('Rankings Master'!D17,Table4[PLAYER NAME],0)) -> 17 | G17: =A17-F17 -> -3 | H17: =G17/F17 -> -0.17647059 | I17: =IF(AND(H17 > -1, H17 <= -0.5), "Extremely Overvalued", IF(AND(H17 > -0.5, H17 <= -0.15), "Pretty Overvalued", IF(AND(H17 > -0.15, H17 < 0), "Slightly Overvalued", IF(H17 = 0, "At ADP", IF(AND(H17 > 0, H17 <= 0.15), "Slightly Undervalued", IF(AND(H17 > 0.15, H17 <= 0.5), "Pretty Undervalued", IF(AND(H17 > 0.5, H17 <= 1), "Extremely Undervalued", ""))))))) -> Pretty Overvalued | J17: =IF(W17=$G$1,"M",IF(AND(U17="Drafted",W17<>$G$1),"Y","")) -> Y | K17: =IF(E17="QB",1,IF(E17="RB",2,IF(E17="WR",3,IF(E17="TE",4,IF(E17="K",5,"Check"))))) -> 3 | L17: =IF(J17="M",COUNTIFS($J$4:J17,"M",$E$4:E17,E17)&" - "&K17,"N/A") -> N/A | M17: =IFERROR(INDEX(PlayerSummaryTable[Rushing Yds],MATCH('Rankings Master'!D17,PlayerSummaryTable[Player],0)),"") -> N/A | N17: =IFERROR(INDEX(PlayerSummaryTable[Receiving Yds],MATCH('Rankings Master'!D17,PlayerSummaryTable[Player],0)),"") -> 1099.5 | O17: =IFERROR(INDEX(PlayerSummaryTable[Passing Yds],MATCH('Rankings Master'!D17,PlayerSummaryTable[Player],0)),"") -> N/A | Q17: ="5 - 3" -> 5 - 3 | R17: WR5 | S17: =IFERROR(INDEX($D$4:$D$198,MATCH(Q17,$L$4:$L$198,0)),"") -> Mike Evans | U17: =IF(COUNTIF('Draft Log'!$B$2:$B$301,D17)>0,"DRAFTED","") -> DRAFTED | V17: =IFERROR(INDEX('Draft Log'!$A$2:$A$301,MATCH(D17,'Draft Log'!$B$2:$B$301,0)),"") -> 19 | W17: =IFERROR(INDEX('Draft Log'!$C$2:$C$301,MATCH(D17,'Draft Log'!$B$2:$B$301,0)),"") -> Benjamins Bandits
A18: 15 | B18: Marvin | C18: Harrison Jr. | D18: =IF($D$1="ESPN",INDEX(Table2[Mapped Name],MATCH('Rankings Master'!$A18,Table2[Overall Rank],0)),IF('Rankings Master'!$D$1="NFL.com",INDEX(Table3[Name Clean],MATCH('Rankings Master'!$A18,Table3[Rank],0)),IF('Rankings Master'!$D$1="Sleeper",INDEX(Sleeper!$B$2:$B$201,MATCH('Rankings Master'!$A18,Sleeper!$A$2:$A$201,0)),"Need platform"))) -> Saquon Barkley | E18: =IF($D$1="ESPN",INDEX(Table2[Position],MATCH('Rankings Master'!$A18,Table2[Overall Rank],0)),IF('Rankings Master'!$D$1="NFL.com",INDEX(Table3[Position],MATCH('Rankings Master'!$A18,Table3[Rank],0)),INDEX(Sleeper!$C$2:$C$201,MATCH('Rankings Master'!A18,Sleeper!$A$2:$A$201,0)))) -> RB | F18: =INDEX(Table4[RK],MATCH('Rankings Master'!D18,Table4[PLAYER NAME],0)) -> 15 | G18: =A18-F18 -> 0 | H18: =G18/F18 -> 0 | I18: =IF(AND(H18 > -1, H18 <= -0.5), "Extremely Overvalued", IF(AND(H18 > -0.5, H18 <= -0.15), "Pretty Overvalued", IF(AND(H18 > -0.15, H18 < 0), "Slightly Overvalued", IF(H18 = 0, "At ADP", IF(AND(H18 > 0, H18 <= 0.15), "Slightly Undervalued", IF(AND(H18 > 0.15, H18 <= 0.5), "Pretty Undervalued", IF(AND(H18 > 0.5, H18 <= 1), "Extremely Undervalued", ""))))))) -> At ADP | J18: =IF(W18=$G$1,"M",IF(AND(U18="Drafted",W18<>$G$1),"Y","")) -> Y | K18: =IF(E18="QB",1,IF(E18="RB",2,IF(E18="WR",3,IF(E18="TE",4,IF(E18="K",5,"Check"))))) -> 2 | L18: =IF(J18="M",COUNTIFS($J$4:J18,"M",$E$4:E18,E18)&" - "&K18,"N/A") -> N/A | M18: =IFERROR(INDEX(PlayerSummaryTable[Rushing Yds],MATCH('Rankings Master'!D18,PlayerSummaryTable[Player],0)),"") -> 1099.5 | N18: =IFERROR(INDEX(PlayerSummaryTable[Receiving Yds],MATCH('Rankings Master'!D18,PlayerSummaryTable[Player],0)),"") -> N/A | O18: =IFERROR(INDEX(PlayerSummaryTable[Passing Yds],MATCH('Rankings Master'!D18,PlayerSummaryTable[Player],0)),"") -> N/A | Q18: ="6 - 4" -> 6 - 4 | R18: WR6 | S18: =IFERROR(INDEX($D$4:$D$198,MATCH(Q18,$L$4:$L$198,0)),"") | U18: =IF(COUNTIF('Draft Log'!$B$2:$B$301,D18)>0,"DRAFTED","") -> DRAFTED | V18: =IFERROR(INDEX('Draft Log'!$A$2:$A$301,MATCH(D18,'Draft Log'!$B$2:$B$301,0)),"") -> 15 | W18: =IFERROR(INDEX('Draft Log'!$C$2:$C$301,MATCH(D18,'Draft Log'!$B$2:$B$301,0)),"") -> BEST COUNTRY IN THE WORLD
A19: 16 | B19: Drake | C19: London | D19: =IF($D$1="ESPN",INDEX(Table2[Mapped Name],MATCH('Rankings Master'!$A19,Table2[Overall Rank],0)),IF('Rankings Master'!$D$1="NFL.com",INDEX(Table3[Name Clean],MATCH('Rankings Master'!$A19,Table3[Rank],0)),IF('Rankings Master'!$D$1="Sleeper",INDEX(Sleeper!$B$2:$B$201,MATCH('Rankings Master'!$A19,Sleeper!$A$2:$A$201,0)),"Need platform"))) -> Ashton Jeanty | E19: =IF($D$1="ESPN",INDEX(Table2[Position],MATCH('Rankings Master'!$A19,Table2[Overall Rank],0)),IF('Rankings Master'!$D$1="NFL.com",INDEX(Table3[Position],MATCH('Rankings Master'!$A19,Table3[Rank],0)),INDEX(Sleeper!$C$2:$C$201,MATCH('Rankings Master'!A19,Sleeper!$A$2:$A$201,0)))) -> RB | F19: =INDEX(Table4[RK],MATCH('Rankings Master'!D19,Table4[PLAYER NAME],0)) -> 31 | G19: =A19-F19 -> -15 | H19: =G19/F19 -> -0.48387097 | I19: =IF(AND(H19 > -1, H19 <= -0.5), "Extremely Overvalued", IF(AND(H19 > -0.5, H19 <= -0.15), "Pretty Overvalued", IF(AND(H19 > -0.15, H19 < 0), "Slightly Overvalued", IF(H19 = 0, "At ADP", IF(AND(H19 > 0, H19 <= 0.15), "Slightly Undervalued", IF(AND(H19 > 0.15, H19 <= 0.5), "Pretty Undervalued", IF(AND(H19 > 0.5, H19 <= 1), "Extremely Undervalued", ""))))))) -> Pretty Overvalued | J19: =IF(W19=$G$1,"M",IF(AND(U19="Drafted",W19<>$G$1),"Y","")) -> Y | K19: =IF(E19="QB",1,IF(E19="RB",2,IF(E19="WR",3,IF(E19="TE",4,IF(E19="K",5,"Check"))))) -> 2 | L19: =IF(J19="M",COUNTIFS($J$4:J19,"M",$E$4:E19,E19)&" - "&K19,"N/A") -> N/A | M19: =IFERROR(INDEX(PlayerSummaryTable[Rushing Yds],MATCH('Rankings Master'!D19,PlayerSummaryTable[Player],0)),"") -> 1024.5 | N19: =IFERROR(INDEX(PlayerSummaryTable[Receiving Yds],MATCH('Rankings Master'!D19,PlayerSummaryTable[Player],0)),"") -> N/A | O19: =IFERROR(INDEX(PlayerSummaryTable[Passing Yds],MATCH('Rankings Master'!D19,PlayerSummaryTable[Player],0)),"") -> N/A | Q19: ="1 - 4" -> 1 - 4 | R19: TE1 | S19: =IFERROR(INDEX($D$4:$D$198,MATCH(Q19,$L$4:$L$198,0)),"") -> Brock Bowers | U19: =IF(COUNTIF('Draft Log'!$B$2:$B$301,D19)>0,"DRAFTED","") -> DRAFTED | V19: =IFERROR(INDEX('Draft Log'!$A$2:$A$301,MATCH(D19,'Draft Log'!$B$2:$B$301,0)),"") -> 18 | W19: =IFERROR(INDEX('Draft Log'!$C$2:$C$301,MATCH(D19,'Draft Log'!$B$2:$B$301,0)),"") -> dontsaynosayYA
A20: 17 | B20: Davante | C20: Adams | D20: =IF($D$1="ESPN",INDEX(Table2[Mapped Name],MATCH('Rankings Master'!$A20,Table2[Overall Rank],0)),IF('Rankings Master'!$D$1="NFL.com",INDEX(Table3[Name Clean],MATCH('Rankings Master'!$A20,Table3[Rank],0)),IF('Rankings Master'!$D$1="Sleeper",INDEX(Sleeper!$B$2:$B$201,MATCH('Rankings Master'!$A20,Sleeper!$A$2:$A$201,0)),"Need platform"))) -> Jeremiyah Love | E20: =IF($D$1="ESPN",INDEX(Table2[Position],MATCH('Rankings Master'!$A20,Table2[Overall Rank],0)),IF('Rankings Master'!$D$1="NFL.com",INDEX(Table3[Position],MATCH('Rankings Master'!$A20,Table3[Rank],0)),INDEX(Sleeper!$C$2:$C$201,MATCH('Rankings Master'!A20,Sleeper!$A$2:$A$201,0)))) -> RB | F20: =INDEX(Table4[RK],MATCH('Rankings Master'!D20,Table4[PLAYER NAME],0)) -> 44 | G20: =A20-F20 -> -27 | H20: =G20/F20 -> -0.61363636 | I20: =IF(AND(H20 > -1, H20 <= -0.5), "Extremely Overvalued", IF(AND(H20 > -0.5, H20 <= -0.15), "Pretty Overvalued", IF(AND(H20 > -0.15, H20 < 0), "Slightly Overvalued", IF(H20 = 0, "At ADP", IF(AND(H20 > 0, H20 <= 0.15), "Slightly Undervalued", IF(AND(H20 > 0.15, H20 <= 0.5), "Pretty Undervalued", IF(AND(H20 > 0.5, H20 <= 1), "Extremely Undervalued", ""))))))) -> Extremely Overvalued | J20: =IF(W20=$G$1,"M",IF(AND(U20="Drafted",W20<>$G$1),"Y","")) -> Y | K20: =IF(E20="QB",1,IF(E20="RB",2,IF(E20="WR",3,IF(E20="TE",4,IF(E20="K",5,"Check"))))) -> 2 | L20: =IF(J20="M",COUNTIFS($J$4:J20,"M",$E$4:E20,E20)&" - "&K20,"N/A") -> N/A | M20: =IFERROR(INDEX(PlayerSummaryTable[Rushing Yds],MATCH('Rankings Master'!D20,PlayerSummaryTable[Player],0)),"") -> 774.5 | N20: =IFERROR(INDEX(PlayerSummaryTable[Receiving Yds],MATCH('Rankings Master'!D20,PlayerSummaryTable[Player],0)),"") -> N/A | O20: =IFERROR(INDEX(PlayerSummaryTable[Passing Yds],MATCH('Rankings Master'!D20,PlayerSummaryTable[Player],0)),"") -> N/A | Q20: ="2 - 4" -> 2 - 4 | R20: TE2 | S20: =IFERROR(INDEX($D$4:$D$198,MATCH(Q20,$L$4:$L$198,0)),"") | U20: =IF(COUNTIF('Draft Log'!$B$2:$B$301,D20)>0,"DRAFTED","") -> DRAFTED | V20: =IFERROR(INDEX('Draft Log'!$A$2:$A$301,MATCH(D20,'Draft Log'!$B$2:$B$301,0)),"") -> 22 | W20: =IFERROR(INDEX('Draft Log'!$C$2:$C$301,MATCH(D20,'Draft Log'!$B$2:$B$301,0)),"") -> Benjamins Bandits
A21: 18 | B21: Kyren | C21: Williams | D21: =IF($D$1="ESPN",INDEX(Table2[Mapped Name],MATCH('Rankings Master'!$A21,Table2[Overall Rank],0)),IF('Rankings Master'!$D$1="NFL.com",INDEX(Table3[Name Clean],MATCH('Rankings Master'!$A21,Table3[Rank],0)),IF('Rankings Master'!$D$1="Sleeper",INDEX(Sleeper!$B$2:$B$201,MATCH('Rankings Master'!$A21,Sleeper!$A$2:$A$201,0)),"Need platform"))) -> Kenneth Walker III | E21: =IF($D$1="ESPN",INDEX(Table2[Position],MATCH('Rankings Master'!$A21,Table2[Overall Rank],0)),IF('Rankings Master'!$D$1="NFL.com",INDEX(Table3[Position],MATCH('Rankings Master'!$A21,Table3[Rank],0)),INDEX(Sleeper!$C$2:$C$201,MATCH('Rankings Master'!A21,Sleeper!$A$2:$A$201,0)))) -> RB | F21: =INDEX(Table4[RK],MATCH('Rankings Master'!D21,Table4[PLAYER NAME],0)) -> 20 | G21: =A21-F21 -> -2 | H21: =G21/F21 -> -0.1 | I21: =IF(AND(H21 > -1, H21 <= -0.5), "Extremely Overvalued", IF(AND(H21 > -0.5, H21 <= -0.15), "Pretty Overvalued", IF(AND(H21 > -0.15, H21 < 0), "Slightly Overvalued", IF(H21 = 0, "At ADP", IF(AND(H21 > 0, H21 <= 0.15), "Slightly Undervalued", IF(AND(H21 > 0.15, H21 <= 0.5), "Pretty Undervalued", IF(AND(H21 > 0.5, H21 <= 1), "Extremely Undervalued", ""))))))) -> Slightly Overvalued | J21: =IF(W21=$G$1,"M",IF(AND(U21="Drafted",W21<>$G$1),"Y","")) -> Y | K21: =IF(E21="QB",1,IF(E21="RB",2,IF(E21="WR",3,IF(E21="TE",4,IF(E21="K",5,"Check"))))) -> 2 | L21: =IF(J21="M",COUNTIFS($J$4:J21,"M",$E$4:E21,E21)&" - "&K21,"N/A") -> N/A | M21: =IFERROR(INDEX(PlayerSummaryTable[Rushing Yds],MATCH('Rankings Master'!D21,PlayerSummaryTable[Player],0)),"") | N21: =IFERROR(INDEX(PlayerSummaryTable[Receiving Yds],MATCH('Rankings Master'!D21,PlayerSummaryTable[Player],0)),"") | O21: =IFERROR(INDEX(PlayerSummaryTable[Passing Yds],MATCH('Rankings Master'!D21,PlayerSummaryTable[Player],0)),"") | U21: =IF(COUNTIF('Draft Log'!$B$2:$B$301,D21)>0,"DRAFTED","") -> DRAFTED | V21: =IFERROR(INDEX('Draft Log'!$A$2:$A$301,MATCH(D21,'Draft Log'!$B$2:$B$301,0)),"") -> 17 | W21: =IFERROR(INDEX('Draft Log'!$C$2:$C$301,MATCH(D21,'Draft Log'!$B$2:$B$301,0)),"") -> Cut to the Chase
A22: 19 | B22: Derrick | C22: Henry | D22: =IF($D$1="ESPN",INDEX(Table2[Mapped Name],MATCH('Rankings Master'!$A22,Table2[Overall Rank],0)),IF('Rankings Master'!$D$1="NFL.com",INDEX(Table3[Name Clean],MATCH('Rankings Master'!$A22,Table3[Rank],0)),IF('Rankings Master'!$D$1="Sleeper",INDEX(Sleeper!$B$2:$B$201,MATCH('Rankings Master'!$A22,Sleeper!$A$2:$A$201,0)),"Need platform"))) -> Omarion Hampton | E22: =IF($D$1="ESPN",INDEX(Table2[Position],MATCH('Rankings Master'!$A22,Table2[Overall Rank],0)),IF('Rankings Master'!$D$1="NFL.com",INDEX(Table3[Position],MATCH('Rankings Master'!$A22,Table3[Rank],0)),INDEX(Sleeper!$C$2:$C$201,MATCH('Rankings Master'!A22,Sleeper!$A$2:$A$201,0)))) -> RB | F22: =INDEX(Table4[RK],MATCH('Rankings Master'!D22,Table4[PLAYER NAME],0)) -> 21 | G22: =A22-F22 -> -2 | H22: =G22/F22 -> -0.095238095 | I22: =IF(AND(H22 > -1, H22 <= -0.5), "Extremely Overvalued", IF(AND(H22 > -0.5, H22 <= -0.15), "Pretty Overvalued", IF(AND(H22 > -0.15, H22 < 0), "Slightly Overvalued", IF(H22 = 0, "At ADP", IF(AND(H22 > 0, H22 <= 0.15), "Slightly Undervalued", IF(AND(H22 > 0.15, H22 <= 0.5), "Pretty Undervalued", IF(AND(H22 > 0.5, H22 <= 1), "Extremely Undervalued", ""))))))) -> Slightly Overvalued | J22: =IF(W22=$G$1,"M",IF(AND(U22="Drafted",W22<>$G$1),"Y","")) -> M | K22: =IF(E22="QB",1,IF(E22="RB",2,IF(E22="WR",3,IF(E22="TE",4,IF(E22="K",5,"Check"))))) -> 2 | L22: =IF(J22="M",COUNTIFS($J$4:J22,"M",$E$4:E22,E22)&" - "&K22,"N/A") -> 2 - 2 | M22: =IFERROR(INDEX(PlayerSummaryTable[Rushing Yds],MATCH('Rankings Master'!D22,PlayerSummaryTable[Player],0)),"") -> 949.5 | N22: =IFERROR(INDEX(PlayerSummaryTable[Receiving Yds],MATCH('Rankings Master'!D22,PlayerSummaryTable[Player],0)),"") -> N/A | O22: =IFERROR(INDEX(PlayerSummaryTable[Passing Yds],MATCH('Rankings Master'!D22,PlayerSummaryTable[Player],0)),"") -> N/A | U22: =IF(COUNTIF('Draft Log'!$B$2:$B$301,D22)>0,"DRAFTED","") -> DRAFTED | V22: =IFERROR(INDEX('Draft Log'!$A$2:$A$301,MATCH(D22,'Draft Log'!$B$2:$B$301,0)),"") -> 13 | W22: =IFERROR(INDEX('Draft Log'!$C$2:$C$301,MATCH(D22,'Draft Log'!$B$2:$B$301,0)),"") -> Mustafa is Not Like Us
A23: 20 | B23: Isiah | C23: Pacheco | D23: =IF($D$1="ESPN",INDEX(Table2[Mapped Name],MATCH('Rankings Master'!$A23,Table2[Overall Rank],0)),IF('Rankings Master'!$D$1="NFL.com",INDEX(Table3[Name Clean],MATCH('Rankings Master'!$A23,Table3[Rank],0)),IF('Rankings Master'!$D$1="Sleeper",INDEX(Sleeper!$B$2:$B$201,MATCH('Rankings Master'!$A23,Sleeper!$A$2:$A$201,0)),"Need platform"))) -> Trey McBride | E23: =IF($D$1="ESPN",INDEX(Table2[Position],MATCH('Rankings Master'!$A23,Table2[Overall Rank],0)),IF('Rankings Master'!$D$1="NFL.com",INDEX(Table3[Position],MATCH('Rankings Master'!$A23,Table3[Rank],0)),INDEX(Sleeper!$C$2:$C$201,MATCH('Rankings Master'!A23,Sleeper!$A$2:$A$201,0)))) -> TE | F23: =INDEX(Table4[RK],MATCH('Rankings Master'!D23,Table4[PLAYER NAME],0)) -> 22 | G23: =A23-F23 -> -2 | H23: =G23/F23 -> -0.090909091 | I23: =IF(AND(H23 > -1, H23 <= -0.5), "Extremely Overvalued", IF(AND(H23 > -0.5, H23 <= -0.15), "Pretty Overvalued", IF(AND(H23 > -0.15, H23 < 0), "Slightly Overvalued", IF(H23 = 0, "At ADP", IF(AND(H23 > 0, H23 <= 0.15), "Slightly Undervalued", IF(AND(H23 > 0.15, H23 <= 0.5), "Pretty Undervalued", IF(AND(H23 > 0.5, H23 <= 1), "Extremely Undervalued", ""))))))) -> Slightly Overvalued | J23: =IF(W23=$G$1,"M",IF(AND(U23="Drafted",W23<>$G$1),"Y","")) -> Y | K23: =IF(E23="QB",1,IF(E23="RB",2,IF(E23="WR",3,IF(E23="TE",4,IF(E23="K",5,"Check"))))) -> 4 | L23: =IF(J23="M",COUNTIFS($J$4:J23,"M",$E$4:E23,E23)&" - "&K23,"N/A") -> N/A | M23: =IFERROR(INDEX(PlayerSummaryTable[Rushing Yds],MATCH('Rankings Master'!D23,PlayerSummaryTable[Player],0)),"") -> N/A | N23: =IFERROR(INDEX(PlayerSummaryTable[Receiving Yds],MATCH('Rankings Master'!D23,PlayerSummaryTable[Player],0)),"") -> 999.5 | O23: =IFERROR(INDEX(PlayerSummaryTable[Passing Yds],MATCH('Rankings Master'!D23,PlayerSummaryTable[Player],0)),"") -> N/A | U23: =IF(COUNTIF('Draft Log'!$B$2:$B$301,D23)>0,"DRAFTED","") -> DRAFTED | V23: =IFERROR(INDEX('Draft Log'!$A$2:$A$301,MATCH(D23,'Draft Log'!$B$2:$B$301,0)),"") -> 16 | W23: =IFERROR(INDEX('Draft Log'!$C$2:$C$301,MATCH(D23,'Draft Log'!$B$2:$B$301,0)),"") -> JJetts Skatt Hurts
A24: 21 | B24: Travis | C24: Etienne | D24: =IF($D$1="ESPN",INDEX(Table2[Mapped Name],MATCH('Rankings Master'!$A24,Table2[Overall Rank],0)),IF('Rankings Master'!$D$1="NFL.com",INDEX(Table3[Name Clean],MATCH('Rankings Master'!$A24,Table3[Rank],0)),IF('Rankings Master'!$D$1="Sleeper",INDEX(Sleeper!$B$2:$B$201,MATCH('Rankings Master'!$A24,Sleeper!$A$2:$A$201,0)),"Need platform"))) -> Brock Bowers | E24: =IF($D$1="ESPN",INDEX(Table2[Position],MATCH('Rankings Master'!$A24,Table2[Overall Rank],0)),IF('Rankings Master'!$D$1="NFL.com",INDEX(Table3[Position],MATCH('Rankings Master'!$A24,Table3[Rank],0)),INDEX(Sleeper!$C$2:$C$201,MATCH('Rankings Master'!A24,Sleeper!$A$2:$A$201,0)))) -> TE | F24: =INDEX(Table4[RK],MATCH('Rankings Master'!D24,Table4[PLAYER NAME],0)) -> 16 | G24: =A24-F24 -> 5 | H24: =G24/F24 -> 0.3125 | I24: =IF(AND(H24 > -1, H24 <= -0.5), "Extremely Overvalued", IF(AND(H24 > -0.5, H24 <= -0.15), "Pretty Overvalued", IF(AND(H24 > -0.15, H24 < 0), "Slightly Overvalued", IF(H24 = 0, "At ADP", IF(AND(H24 > 0, H24 <= 0.15), "Slightly Undervalued", IF(AND(H24 > 0.15, H24 <= 0.5), "Pretty Undervalued", IF(AND(H24 > 0.5, H24 <= 1), "Extremely Undervalued", ""))))))) -> Pretty Undervalued | J24: =IF(W24=$G$1,"M",IF(AND(U24="Drafted",W24<>$G$1),"Y","")) -> M | K24: =IF(E24="QB",1,IF(E24="RB",2,IF(E24="WR",3,IF(E24="TE",4,IF(E24="K",5,"Check"))))) -> 4 | L24: =IF(J24="M",COUNTIFS($J$4:J24,"M",$E$4:E24,E24)&" - "&K24,"N/A") -> 1 - 4 | M24: =IFERROR(INDEX(PlayerSummaryTable[Rushing Yds],MATCH('Rankings Master'!D24,PlayerSummaryTable[Player],0)),"") -> N/A | N24: =IFERROR(INDEX(PlayerSummaryTable[Receiving Yds],MATCH('Rankings Master'!D24,PlayerSummaryTable[Player],0)),"") -> 949.5 | O24: =IFERROR(INDEX(PlayerSummaryTable[Passing Yds],MATCH('Rankings Master'!D24,PlayerSummaryTable[Player],0)),"") -> N/A | U24: =IF(COUNTIF('Draft Log'!$B$2:$B$301,D24)>0,"DRAFTED","") -> DRAFTED | V24: =IFERROR(INDEX('Draft Log'!$A$2:$A$301,MATCH(D24,'Draft Log'!$B$2:$B$301,0)),"") -> 28 | W24: =IFERROR(INDEX('Draft Log'!$C$2:$C$301,MATCH(D24,'Draft Log'!$B$2:$B$301,0)),"") -> Mustafa is Not Like Us
A25: 22 | B25: Nico | C25: Collins | D25: =IF($D$1="ESPN",INDEX(Table2[Mapped Name],MATCH('Rankings Master'!$A25,Table2[Overall Rank],0)),IF('Rankings Master'!$D$1="NFL.com",INDEX(Table3[Name Clean],MATCH('Rankings Master'!$A25,Table3[Rank],0)),IF('Rankings Master'!$D$1="Sleeper",INDEX(Sleeper!$B$2:$B$201,MATCH('Rankings Master'!$A25,Sleeper!$A$2:$A$201,0)),"Need platform"))) -> Breece Hall | E25: =IF($D$1="ESPN",INDEX(Table2[Position],MATCH('Rankings Master'!$A25,Table2[Overall Rank],0)),IF('Rankings Master'!$D$1="NFL.com",INDEX(Table3[Position],MATCH('Rankings Master'!$A25,Table3[Rank],0)),INDEX(Sleeper!$C$2:$C$201,MATCH('Rankings Master'!A25,Sleeper!$A$2:$A$201,0)))) -> RB | F25: =INDEX(Table4[RK],MATCH('Rankings Master'!D25,Table4[PLAYER NAME],0)) -> 39 | G25: =A25-F25 -> -17 | H25: =G25/F25 -> -0.43589744 | I25: =IF(AND(H25 > -1, H25 <= -0.5), "Extremely Overvalued", IF(AND(H25 > -0.5, H25 <= -0.15), "Pretty Overvalued", IF(AND(H25 > -0.15, H25 < 0), "Slightly Overvalued", IF(H25 = 0, "At ADP", IF(AND(H25 > 0, H25 <= 0.15), "Slightly Undervalued", IF(AND(H25 > 0.15, H25 <= 0.5), "Pretty Undervalued", IF(AND(H25 > 0.5, H25 <= 1), "Extremely Undervalued", ""))))))) -> Pretty Overvalued | J25: =IF(W25=$G$1,"M",IF(AND(U25="Drafted",W25<>$G$1),"Y","")) -> Y | K25: =IF(E25="QB",1,IF(E25="RB",2,IF(E25="WR",3,IF(E25="TE",4,IF(E25="K",5,"Check"))))) -> 2 | L25: =IF(J25="M",COUNTIFS($J$4:J25,"M",$E$4:E25,E25)&" - "&K25,"N/A") -> N/A | M25: =IFERROR(INDEX(PlayerSummaryTable[Rushing Yds],MATCH('Rankings Master'!D25,PlayerSummaryTable[Player],0)),"") -> 899.5 | N25: =IFERROR(INDEX(PlayerSummaryTable[Receiving Yds],MATCH('Rankings Master'!D25,PlayerSummaryTable[Player],0)),"") -> N/A | O25: =IFERROR(INDEX(PlayerSummaryTable[Passing Yds],MATCH('Rankings Master'!D25,PlayerSummaryTable[Player],0)),"") -> N/A | U25: =IF(COUNTIF('Draft Log'!$B$2:$B$301,D25)>0,"DRAFTED","") -> DRAFTED | V25: =IFERROR(INDEX('Draft Log'!$A$2:$A$301,MATCH(D25,'Draft Log'!$B$2:$B$301,0)),"") -> 23 | W25: =IFERROR(INDEX('Draft Log'!$C$2:$C$301,MATCH(D25,'Draft Log'!$B$2:$B$301,0)),"") -> dontsaynosayYA
A26: 23 | B26: Brandon | C26: Aiyuk | D26: =IF($D$1="ESPN",INDEX(Table2[Mapped Name],MATCH('Rankings Master'!$A26,Table2[Overall Rank],0)),IF('Rankings Master'!$D$1="NFL.com",INDEX(Table3[Name Clean],MATCH('Rankings Master'!$A26,Table3[Rank],0)),IF('Rankings Master'!$D$1="Sleeper",INDEX(Sleeper!$B$2:$B$201,MATCH('Rankings Master'!$A26,Sleeper!$A$2:$A$201,0)),"Need platform"))) -> Chase Brown | E26: =IF($D$1="ESPN",INDEX(Table2[Position],MATCH('Rankings Master'!$A26,Table2[Overall Rank],0)),IF('Rankings Master'!$D$1="NFL.com",INDEX(Table3[Position],MATCH('Rankings Master'!$A26,Table3[Rank],0)),INDEX(Sleeper!$C$2:$C$201,MATCH('Rankings Master'!A26,Sleeper!$A$2:$A$201,0)))) -> RB | F26: =INDEX(Table4[RK],MATCH('Rankings Master'!D26,Table4[PLAYER NAME],0)) -> 18 | G26: =A26-F26 -> 5 | H26: =G26/F26 -> 0.27777778 | I26: =IF(AND(H26 > -1, H26 <= -0.5), "Extremely Overvalued", IF(AND(H26 > -0.5, H26 <= -0.15), "Pretty Overvalued", IF(AND(H26 > -0.15, H26 < 0), "Slightly Overvalued", IF(H26 = 0, "At ADP", IF(AND(H26 > 0, H26 <= 0.15), "Slightly Undervalued", IF(AND(H26 > 0.15, H26 <= 0.5), "Pretty Undervalued", IF(AND(H26 > 0.5, H26 <= 1), "Extremely Undervalued", ""))))))) -> Pretty Undervalued | J26: =IF(W26=$G$1,"M",IF(AND(U26="Drafted",W26<>$G$1),"Y","")) -> Y | K26: =IF(E26="QB",1,IF(E26="RB",2,IF(E26="WR",3,IF(E26="TE",4,IF(E26="K",5,"Check"))))) -> 2 | L26: =IF(J26="M",COUNTIFS($J$4:J26,"M",$E$4:E26,E26)&" - "&K26,"N/A") -> N/A | M26: =IFERROR(INDEX(PlayerSummaryTable[Rushing Yds],MATCH('Rankings Master'!D26,PlayerSummaryTable[Player],0)),"") -> 849.5 | N26: =IFERROR(INDEX(PlayerSummaryTable[Receiving Yds],MATCH('Rankings Master'!D26,PlayerSummaryTable[Player],0)),"") -> N/A | O26: =IFERROR(INDEX(PlayerSummaryTable[Passing Yds],MATCH('Rankings Master'!D26,PlayerSummaryTable[Player],0)),"") -> N/A | U26: =IF(COUNTIF('Draft Log'!$B$2:$B$301,D26)>0,"DRAFTED","") -> DRAFTED | V26: =IFERROR(INDEX('Draft Log'!$A$2:$A$301,MATCH(D26,'Draft Log'!$B$2:$B$301,0)),"") -> 20 | W26: =IFERROR(INDEX('Draft Log'!$C$2:$C$301,MATCH(D26,'Draft Log'!$B$2:$B$301,0)),"") -> Team Afeef
A27: 24 | B27: Mike | C27: Evans | D27: =IF($D$1="ESPN",INDEX(Table2[Mapped Name],MATCH('Rankings Master'!$A27,Table2[Overall Rank],0)),IF('Rankings Master'!$D$1="NFL.com",INDEX(Table3[Name Clean],MATCH('Rankings Master'!$A27,Table3[Rank],0)),IF('Rankings Master'!$D$1="Sleeper",INDEX(Sleeper!$B$2:$B$201,MATCH('Rankings Master'!$A27,Sleeper!$A$2:$A$201,0)),"Need platform"))) -> Rashee Rice | E27: =IF($D$1="ESPN",INDEX(Table2[Position],MATCH('Rankings Master'!$A27,Table2[Overall Rank],0)),IF('Rankings Master'!$D$1="NFL.com",INDEX(Table3[Position],MATCH('Rankings Master'!$A27,Table3[Rank],0)),INDEX(Sleeper!$C$2:$C$201,MATCH('Rankings Master'!A27,Sleeper!$A$2:$A$201,0)))) -> WR | F27: =INDEX(Table4[RK],MATCH('Rankings Master'!D27,Table4[PLAYER NAME],0)) -> 35 | G27: =A27-F27 -> -11 | H27: =G27/F27 -> -0.31428571 | I27: =IF(AND(H27 > -1, H27 <= -0.5), "Extremely Overvalued", IF(AND(H27 > -0.5, H27 <= -0.15), "Pretty Overvalued", IF(AND(H27 > -0.15, H27 < 0), "Slightly Overvalued", IF(H27 = 0, "At ADP", IF(AND(H27 > 0, H27 <= 0.15), "Slightly Undervalued", IF(AND(H27 > 0.15, H27 <= 0.5), "Pretty Undervalued", IF(AND(H27 > 0.5, H27 <= 1), "Extremely Undervalued", ""))))))) -> Pretty Overvalued | J27: =IF(W27=$G$1,"M",IF(AND(U27="Drafted",W27<>$G$1),"Y","")) -> Y | K27: =IF(E27="QB",1,IF(E27="RB",2,IF(E27="WR",3,IF(E27="TE",4,IF(E27="K",5,"Check"))))) -> 3 | L27: =IF(J27="M",COUNTIFS($J$4:J27,"M",$E$4:E27,E27)&" - "&K27,"N/A") -> N/A | M27: =IFERROR(INDEX(PlayerSummaryTable[Rushing Yds],MATCH('Rankings Master'!D27,PlayerSummaryTable[Player],0)),"") | N27: =IFERROR(INDEX(PlayerSummaryTable[Receiving Yds],MATCH('Rankings Master'!D27,PlayerSummaryTable[Player],0)),"") | O27: =IFERROR(INDEX(PlayerSummaryTable[Passing Yds],MATCH('Rankings Master'!D27,PlayerSummaryTable[Player],0)),"") | U27: =IF(COUNTIF('Draft Log'!$B$2:$B$301,D27)>0,"DRAFTED","") -> DRAFTED | V27: =IFERROR(INDEX('Draft Log'!$A$2:$A$301,MATCH(D27,'Draft Log'!$B$2:$B$301,0)),"") -> 27 | W27: =IFERROR(INDEX('Draft Log'!$C$2:$C$301,MATCH(D27,'Draft Log'!$B$2:$B$301,0)),"") -> Eight Bell Tolls
A28: 25 | B28: Cooper | C28: Kupp | D28: =IF($D$1="ESPN",INDEX(Table2[Mapped Name],MATCH('Rankings Master'!$A28,Table2[Overall Rank],0)),IF('Rankings Master'!$D$1="NFL.com",INDEX(Table3[Name Clean],MATCH('Rankings Master'!$A28,Table3[Rank],0)),IF('Rankings Master'!$D$1="Sleeper",INDEX(Sleeper!$B$2:$B$201,MATCH('Rankings Master'!$A28,Sleeper!$A$2:$A$201,0)),"Need platform"))) -> Nico Collins | E28: =IF($D$1="ESPN",INDEX(Table2[Position],MATCH('Rankings Master'!$A28,Table2[Overall Rank],0)),IF('Rankings Master'!$D$1="NFL.com",INDEX(Table3[Position],MATCH('Rankings Master'!$A28,Table3[Rank],0)),INDEX(Sleeper!$C$2:$C$201,MATCH('Rankings Master'!A28,Sleeper!$A$2:$A$201,0)))) -> WR | F28: =INDEX(Table4[RK],MATCH('Rankings Master'!D28,Table4[PLAYER NAME],0)) -> 13 | G28: =A28-F28 -> 12 | H28: =G28/F28 -> 0.92307692 | I28: =IF(AND(H28 > -1, H28 <= -0.5), "Extremely Overvalued", IF(AND(H28 > -0.5, H28 <= -0.15), "Pretty Overvalued", IF(AND(H28 > -0.15, H28 < 0), "Slightly Overvalued", IF(H28 = 0, "At ADP", IF(AND(H28 > 0, H28 <= 0.15), "Slightly Undervalued", IF(AND(H28 > 0.15, H28 <= 0.5), "Pretty Undervalued", IF(AND(H28 > 0.5, H28 <= 1), "Extremely Undervalued", ""))))))) -> Extremely Undervalued | J28: =IF(W28=$G$1,"M",IF(AND(U28="Drafted",W28<>$G$1),"Y","")) -> Y | K28: =IF(E28="QB",1,IF(E28="RB",2,IF(E28="WR",3,IF(E28="TE",4,IF(E28="K",5,"Check"))))) -> 3 | L28: =IF(J28="M",COUNTIFS($J$4:J28,"M",$E$4:E28,E28)&" - "&K28,"N/A") -> N/A | M28: =IFERROR(INDEX(PlayerSummaryTable[Rushing Yds],MATCH('Rankings Master'!D28,PlayerSummaryTable[Player],0)),"") -> N/A | N28: =IFERROR(INDEX(PlayerSummaryTable[Receiving Yds],MATCH('Rankings Master'!D28,PlayerSummaryTable[Player],0)),"") -> 1149.5 | O28: =IFERROR(INDEX(PlayerSummaryTable[Passing Yds],MATCH('Rankings Master'!D28,PlayerSummaryTable[Player],0)),"") -> N/A | U28: =IF(COUNTIF('Draft Log'!$B$2:$B$301,D28)>0,"DRAFTED","") -> DRAFTED | V28: =IFERROR(INDEX('Draft Log'!$A$2:$A$301,MATCH(D28,'Draft Log'!$B$2:$B$301,0)),"") -> 24 | W28: =IFERROR(INDEX('Draft Log'!$C$2:$C$301,MATCH(D28,'Draft Log'!$B$2:$B$301,0)),"") -> Cut to the Chase
A29: 26 | B29: Chris | C29: Olave | D29: =IF($D$1="ESPN",INDEX(Table2[Mapped Name],MATCH('Rankings Master'!$A29,Table2[Overall Rank],0)),IF('Rankings Master'!$D$1="NFL.com",INDEX(Table3[Name Clean],MATCH('Rankings Master'!$A29,Table3[Rank],0)),IF('Rankings Master'!$D$1="Sleeper",INDEX(Sleeper!$B$2:$B$201,MATCH('Rankings Master'!$A29,Sleeper!$A$2:$A$201,0)),"Need platform"))) -> A.J. Brown | E29: =IF($D$1="ESPN",INDEX(Table2[Position],MATCH('Rankings Master'!$A29,Table2[Overall Rank],0)),IF('Rankings Master'!$D$1="NFL.com",INDEX(Table3[Position],MATCH('Rankings Master'!$A29,Table3[Rank],0)),INDEX(Sleeper!$C$2:$C$201,MATCH('Rankings Master'!A29,Sleeper!$A$2:$A$201,0)))) -> WR | F29: =INDEX(Table4[RK],MATCH('Rankings Master'!D29,Table4[PLAYER NAME],0)) -> 12 | G29: =A29-F29 -> 14 | H29: =G29/F29 -> 1.1666667 | I29: =IF(AND(H29 > -1, H29 <= -0.5), "Extremely Overvalued", IF(AND(H29 > -0.5, H29 <= -0.15), "Pretty Overvalued", IF(AND(H29 > -0.15, H29 < 0), "Slightly Overvalued", IF(H29 = 0, "At ADP", IF(AND(H29 > 0, H29 <= 0.15), "Slightly Undervalued", IF(AND(H29 > 0.15, H29 <= 0.5), "Pretty Undervalued", IF(AND(H29 > 0.5, H29 <= 1), "Extremely Undervalued", ""))))))) | J29: =IF(W29=$G$1,"M",IF(AND(U29="Drafted",W29<>$G$1),"Y","")) -> Y | K29: =IF(E29="QB",1,IF(E29="RB",2,IF(E29="WR",3,IF(E29="TE",4,IF(E29="K",5,"Check"))))) -> 3 | L29: =IF(J29="M",COUNTIFS($J$4:J29,"M",$E$4:E29,E29)&" - "&K29,"N/A") -> N/A | M29: =IFERROR(INDEX(PlayerSummaryTable[Rushing Yds],MATCH('Rankings Master'!D29,PlayerSummaryTable[Player],0)),"") | N29: =IFERROR(INDEX(PlayerSummaryTable[Receiving Yds],MATCH('Rankings Master'!D29,PlayerSummaryTable[Player],0)),"") | O29: =IFERROR(INDEX(PlayerSummaryTable[Passing Yds],MATCH('Rankings Master'!D29,PlayerSummaryTable[Player],0)),"") | U29: =IF(COUNTIF('Draft Log'!$B$2:$B$301,D29)>0,"DRAFTED","") -> DRAFTED | V29: =IFERROR(INDEX('Draft Log'!$A$2:$A$301,MATCH(D29,'Draft Log'!$B$2:$B$301,0)),"") -> 21 | W29: =IFERROR(INDEX('Draft Log'!$C$2:$C$301,MATCH(D29,'Draft Log'!$B$2:$B$301,0)),"") -> Team Afeef
A30: 27 | B30: Michael | C30: Pittman | D30: =IF($D$1="ESPN",INDEX(Table2[Mapped Name],MATCH('Rankings Master'!$A30,Table2[Overall Rank],0)),IF('Rankings Master'!$D$1="NFL.com",INDEX(Table3[Name Clean],MATCH('Rankings Master'!$A30,Table3[Rank],0)),IF('Rankings Master'!$D$1="Sleeper",INDEX(Sleeper!$B$2:$B$201,MATCH('Rankings Master'!$A30,Sleeper!$A$2:$A$201,0)),"Need platform"))) -> Chris Olave | E30: =IF($D$1="ESPN",INDEX(Table2[Position],MATCH('Rankings Master'!$A30,Table2[Overall Rank],0)),IF('Rankings Master'!$D$1="NFL.com",INDEX(Table3[Position],MATCH('Rankings Master'!$A30,Table3[Rank],0)),INDEX(Sleeper!$C$2:$C$201,MATCH('Rankings Master'!A30,Sleeper!$A$2:$A$201,0)))) -> WR | F30: =INDEX(Table4[RK],MATCH('Rankings Master'!D30,Table4[PLAYER NAME],0)) -> 24 | G30: =A30-F30 -> 3 | H30: =G30/F30 -> 0.125 | I30: =IF(AND(H30 > -1, H30 <= -0.5), "Extremely Overvalued", IF(AND(H30 > -0.5, H30 <= -0.15), "Pretty Overvalued", IF(AND(H30 > -0.15, H30 < 0), "Slightly Overvalued", IF(H30 = 0, "At ADP", IF(AND(H30 > 0, H30 <= 0.15), "Slightly Undervalued", IF(AND(H30 > 0.15, H30 <= 0.5), "Pretty Undervalued", IF(AND(H30 > 0.5, H30 <= 1), "Extremely Undervalued", ""))))))) -> Slightly Undervalued | J30: =IF(W30=$G$1,"M",IF(AND(U30="Drafted",W30<>$G$1),"Y","")) -> Y | K30: =IF(E30="QB",1,IF(E30="RB",2,IF(E30="WR",3,IF(E30="TE",4,IF(E30="K",5,"Check"))))) -> 3 | L30: =IF(J30="M",COUNTIFS($J$4:J30,"M",$E$4:E30,E30)&" - "&K30,"N/A") -> N/A | M30: =IFERROR(INDEX(PlayerSummaryTable[Rushing Yds],MATCH('Rankings Master'!D30,PlayerSummaryTable[Player],0)),"") -> N/A | N30: =IFERROR(INDEX(PlayerSummaryTable[Receiving Yds],MATCH('Rankings Master'!D30,PlayerSummaryTable[Player],0)),"") -> 1049.5 | O30: =IFERROR(INDEX(PlayerSummaryTable[Passing Yds],MATCH('Rankings Master'!D30,PlayerSummaryTable[Player],0)),"") -> N/A | U30: =IF(COUNTIF('Draft Log'!$B$2:$B$301,D30)>0,"DRAFTED","") -> DRAFTED | V30: =IFERROR(INDEX('Draft Log'!$A$2:$A$301,MATCH(D30,'Draft Log'!$B$2:$B$301,0)),"") -> 29 | W30: =IFERROR(INDEX('Draft Log'!$C$2:$C$301,MATCH(D30,'Draft Log'!$B$2:$B$301,0)),"") -> The Good, Bad and Ugly
A31: 28 | B31: Rachaad | C31: White | D31: =IF($D$1="ESPN",INDEX(Table2[Mapped Name],MATCH('Rankings Master'!$A31,Table2[Overall Rank],0)),IF('Rankings Master'!$D$1="NFL.com",INDEX(Table3[Name Clean],MATCH('Rankings Master'!$A31,Table3[Rank],0)),IF('Rankings Master'!$D$1="Sleeper",INDEX(Sleeper!$B$2:$B$201,MATCH('Rankings Master'!$A31,Sleeper!$A$2:$A$201,0)),"Need platform"))) -> George Pickens | E31: =IF($D$1="ESPN",INDEX(Table2[Position],MATCH('Rankings Master'!$A31,Table2[Overall Rank],0)),IF('Rankings Master'!$D$1="NFL.com",INDEX(Table3[Position],MATCH('Rankings Master'!$A31,Table3[Rank],0)),INDEX(Sleeper!$C$2:$C$201,MATCH('Rankings Master'!A31,Sleeper!$A$2:$A$201,0)))) -> WR | F31: =INDEX(Table4[RK],MATCH('Rankings Master'!D31,Table4[PLAYER NAME],0)) -> 19 | G31: =A31-F31 -> 9 | H31: =G31/F31 -> 0.47368421 | I31: =IF(AND(H31 > -1, H31 <= -0.5), "Extremely Overvalued", IF(AND(H31 > -0.5, H31 <= -0.15), "Pretty Overvalued", IF(AND(H31 > -0.15, H31 < 0), "Slightly Overvalued", IF(H31 = 0, "At ADP", IF(AND(H31 > 0, H31 <= 0.15), "Slightly Undervalued", IF(AND(H31 > 0.15, H31 <= 0.5), "Pretty Undervalued", IF(AND(H31 > 0.5, H31 <= 1), "Extremely Undervalued", ""))))))) -> Pretty Undervalued | J31: =IF(W31=$G$1,"M",IF(AND(U31="Drafted",W31<>$G$1),"Y","")) -> Y | K31: =IF(E31="QB",1,IF(E31="RB",2,IF(E31="WR",3,IF(E31="TE",4,IF(E31="K",5,"Check"))))) -> 3 | L31: =IF(J31="M",COUNTIFS($J$4:J31,"M",$E$4:E31,E31)&" - "&K31,"N/A") -> N/A | M31: =IFERROR(INDEX(PlayerSummaryTable[Rushing Yds],MATCH('Rankings Master'!D31,PlayerSummaryTable[Player],0)),"") -> N/A | N31: =IFERROR(INDEX(PlayerSummaryTable[Receiving Yds],MATCH('Rankings Master'!D31,PlayerSummaryTable[Player],0)),"") -> 1049.5 | O31: =IFERROR(INDEX(PlayerSummaryTable[Passing Yds],MATCH('Rankings Master'!D31,PlayerSummaryTable[Player],0)),"") -> N/A | U31: =IF(COUNTIF('Draft Log'!$B$2:$B$301,D31)>0,"DRAFTED","") -> DRAFTED | V31: =IFERROR(INDEX('Draft Log'!$A$2:$A$301,MATCH(D31,'Draft Log'!$B$2:$B$301,0)),"") -> 25 | W31: =IFERROR(INDEX('Draft Log'!$C$2:$C$301,MATCH(D31,'Draft Log'!$B$2:$B$301,0)),"") -> JJetts Skatt Hurts
A32: 29 | B32: Deebo | C32: Samuel Sr. | D32: =IF($D$1="ESPN",INDEX(Table2[Mapped Name],MATCH('Rankings Master'!$A32,Table2[Overall Rank],0)),IF('Rankings Master'!$D$1="NFL.com",INDEX(Table3[Name Clean],MATCH('Rankings Master'!$A32,Table3[Rank],0)),IF('Rankings Master'!$D$1="Sleeper",INDEX(Sleeper!$B$2:$B$201,MATCH('Rankings Master'!$A32,Sleeper!$A$2:$A$201,0)),"Need platform"))) -> Malik Nabers | E32: =IF($D$1="ESPN",INDEX(Table2[Position],MATCH('Rankings Master'!$A32,Table2[Overall Rank],0)),IF('Rankings Master'!$D$1="NFL.com",INDEX(Table3[Position],MATCH('Rankings Master'!$A32,Table3[Rank],0)),INDEX(Sleeper!$C$2:$C$201,MATCH('Rankings Master'!A32,Sleeper!$A$2:$A$201,0)))) -> WR | F32: =INDEX(Table4[RK],MATCH('Rankings Master'!D32,Table4[PLAYER NAME],0)) -> 26 | G32: =A32-F32 -> 3 | H32: =G32/F32 -> 0.11538462 | I32: =IF(AND(H32 > -1, H32 <= -0.5), "Extremely Overvalued", IF(AND(H32 > -0.5, H32 <= -0.15), "Pretty Overvalued", IF(AND(H32 > -0.15, H32 < 0), "Slightly Overvalued", IF(H32 = 0, "At ADP", IF(AND(H32 > 0, H32 <= 0.15), "Slightly Undervalued", IF(AND(H32 > 0.15, H32 <= 0.5), "Pretty Undervalued", IF(AND(H32 > 0.5, H32 <= 1), "Extremely Undervalued", ""))))))) -> Slightly Undervalued | J32: =IF(W32=$G$1,"M",IF(AND(U32="Drafted",W32<>$G$1),"Y","")) -> Y | K32: =IF(E32="QB",1,IF(E32="RB",2,IF(E32="WR",3,IF(E32="TE",4,IF(E32="K",5,"Check"))))) -> 3 | L32: =IF(J32="M",COUNTIFS($J$4:J32,"M",$E$4:E32,E32)&" - "&K32,"N/A") -> N/A | M32: =IFERROR(INDEX(PlayerSummaryTable[Rushing Yds],MATCH('Rankings Master'!D32,PlayerSummaryTable[Player],0)),"") -> N/A | N32: =IFERROR(INDEX(PlayerSummaryTable[Receiving Yds],MATCH('Rankings Master'!D32,PlayerSummaryTable[Player],0)),"") -> N/A | O32: =IFERROR(INDEX(PlayerSummaryTable[Passing Yds],MATCH('Rankings Master'!D32,PlayerSummaryTable[Player],0)),"") -> N/A | U32: =IF(COUNTIF('Draft Log'!$B$2:$B$301,D32)>0,"DRAFTED","") -> DRAFTED | V32: =IFERROR(INDEX('Draft Log'!$A$2:$A$301,MATCH(D32,'Draft Log'!$B$2:$B$301,0)),"") -> 30 | W32: =IFERROR(INDEX('Draft Log'!$C$2:$C$301,MATCH(D32,'Draft Log'!$B$2:$B$301,0)),"") -> Double Chubb Chocolate Cookie
... A44: 41 | B44: Kenneth | C44: Walker III | D44: =IF($D$1="ESPN",INDEX(Table2[Mapped Name],MATCH('Rankings Master'!$A44,Table2[Overall Rank],0)),IF('Rankings Master'!$D$1="NFL.com",INDEX(Table3[Name Clean],MATCH('Rankings Master'!$A44,Table3[Rank],0)),IF('Rankings Master'!$D$1="Sleeper",INDEX(Sleeper!$B$2:$B$201,MATCH('Rankings Master'!$A44,Sleeper!$A$2:$A$201,0)),"Need platform"))) -> D'Andre Swift | E44: =IF($D$1="ESPN",INDEX(Table2[Position],MATCH('Rankings Master'!$A44,Table2[Overall Rank],0)),IF('Rankings Master'!$D$1="NFL.com",INDEX(Table3[Position],MATCH('Rankings Master'!$A44,Table3[Rank],0)),INDEX(Sleeper!$C$2:$C$201,MATCH('Rankings Master'!A44,Sleeper!$A$2:$A$201,0)))) -> RB | F44: =INDEX(Table4[RK],MATCH('Rankings Master'!D44,Table4[PLAYER NAME],0)) -> 45 | G44: =A44-F44 -> -4 | H44: =G44/F44 -> -0.088888889 | I44: =IF(AND(H44 > -1, H44 <= -0.5), "Extremely Overvalued", IF(AND(H44 > -0.5, H44 <= -0.15), "Pretty Overvalued", IF(AND(H44 > -0.15, H44 < 0), "Slightly Overvalued", IF(H44 = 0, "At ADP", IF(AND(H44 > 0, H44 <= 0.15), "Slightly Undervalued", IF(AND(H44 > 0.15, H44 <= 0.5), "Pretty Undervalued", IF(AND(H44 > 0.5, H44 <= 1), "Extremely Undervalued", ""))))))) -> Slightly Overvalued | J44: =IF(W44=$G$1,"M",IF(AND(U44="Drafted",W44<>$G$1),"Y","")) -> Y | K44: =IF(E44="QB",1,IF(E44="RB",2,IF(E44="WR",3,IF(E44="TE",4,IF(E44="K",5,"Check"))))) -> 2 | L44: =IF(J44="M",COUNTIFS($J$4:J44,"M",$E$4:E44,E44)&" - "&K44,"N/A") -> N/A | M44: =IFERROR(INDEX(PlayerSummaryTable[Rushing Yds],MATCH('Rankings Master'!D44,PlayerSummaryTable[Player],0)),"") -> 824.5 | N44: =IFERROR(INDEX(PlayerSummaryTable[Receiving Yds],MATCH('Rankings Master'!D44,PlayerSummaryTable[Player],0)),"") -> N/A | O44: =IFERROR(INDEX(PlayerSummaryTable[Passing Yds],MATCH('Rankings Master'!D44,PlayerSummaryTable[Player],0)),"") -> N/A | U44: =IF(COUNTIF('Draft Log'!$B$2:$B$301,D44)>0,"DRAFTED","") -> DRAFTED | V44: =IFERROR(INDEX('Draft Log'!$A$2:$A$301,MATCH(D44,'Draft Log'!$B$2:$B$301,0)),"") -> 49 | W44: =IFERROR(INDEX('Draft Log'!$C$2:$C$301,MATCH(D44,'Draft Log'!$B$2:$B$301,0)),"") -> The Good, Bad and Ugly
A45: 42 | B45: Josh | C45: Allen | D45: =IF($D$1="ESPN",INDEX(Table2[Mapped Name],MATCH('Rankings Master'!$A45,Table2[Overall Rank],0)),IF('Rankings Master'!$D$1="NFL.com",INDEX(Table3[Name Clean],MATCH('Rankings Master'!$A45,Table3[Rank],0)),IF('Rankings Master'!$D$1="Sleeper",INDEX(Sleeper!$B$2:$B$201,MATCH('Rankings Master'!$A45,Sleeper!$A$2:$A$201,0)),"Need platform"))) -> Garrett Wilson | E45: =IF($D$1="ESPN",INDEX(Table2[Position],MATCH('Rankings Master'!$A45,Table2[Overall Rank],0)),IF('Rankings Master'!$D$1="NFL.com",INDEX(Table3[Position],MATCH('Rankings Master'!$A45,Table3[Rank],0)),INDEX(Sleeper!$C$2:$C$201,MATCH('Rankings Master'!A45,Sleeper!$A$2:$A$201,0)))) -> WR | F45: =INDEX(Table4[RK],MATCH('Rankings Master'!D45,Table4[PLAYER NAME],0)) -> 47 | G45: =A45-F45 -> -5 | H45: =G45/F45 -> -0.10638298 | I45: Extremely Undervalued | J45: =IF(W45=$G$1,"M",IF(AND(U45="Drafted",W45<>$G$1),"Y","")) -> Y | K45: =IF(E45="QB",1,IF(E45="RB",2,IF(E45="WR",3,IF(E45="TE",4,IF(E45="K",5,"Check"))))) -> 3 | L45: =IF(J45="M",COUNTIFS($J$4:J45,"M",$E$4:E45,E45)&" - "&K45,"N/A") -> N/A | M45: =IFERROR(INDEX(PlayerSummaryTable[Rushing Yds],MATCH('Rankings Master'!D45,PlayerSummaryTable[Player],0)),"") -> N/A | N45: =IFERROR(INDEX(PlayerSummaryTable[Receiving Yds],MATCH('Rankings Master'!D45,PlayerSummaryTable[Player],0)),"") -> 999.5 | O45: =IFERROR(INDEX(PlayerSummaryTable[Passing Yds],MATCH('Rankings Master'!D45,PlayerSummaryTable[Player],0)),"") -> N/A | U45: =IF(COUNTIF('Draft Log'!$B$2:$B$301,D45)>0,"DRAFTED","") -> DRAFTED | V45: =IFERROR(INDEX('Draft Log'!$A$2:$A$301,MATCH(D45,'Draft Log'!$B$2:$B$301,0)),"") -> 52 | W45: =IFERROR(INDEX('Draft Log'!$C$2:$C$301,MATCH(D45,'Draft Log'!$B$2:$B$301,0)),"") -> The Good, Bad and Ugly
A46: 43 | B46: DJ | C46: Moore | D46: =IF($D$1="ESPN",INDEX(Table2[Mapped Name],MATCH('Rankings Master'!$A46,Table2[Overall Rank],0)),IF('Rankings Master'!$D$1="NFL.com",INDEX(Table3[Name Clean],MATCH('Rankings Master'!$A46,Table3[Rank],0)),IF('Rankings Master'!$D$1="Sleeper",INDEX(Sleeper!$B$2:$B$201,MATCH('Rankings Master'!$A46,Sleeper!$A$2:$A$201,0)),"Need platform"))) -> DeVonta Smith | E46: =IF($D$1="ESPN",INDEX(Table2[Position],MATCH('Rankings Master'!$A46,Table2[Overall Rank],0)),IF('Rankings Master'!$D$1="NFL.com",INDEX(Table3[Position],MATCH('Rankings Master'!$A46,Table3[Rank],0)),INDEX(Sleeper!$C$2:$C$201,MATCH('Rankings Master'!A46,Sleeper!$A$2:$A$201,0)))) -> WR | F46: =INDEX(Table4[RK],MATCH('Rankings Master'!D46,Table4[PLAYER NAME],0)) -> 29 | G46: =A46-F46 -> 14 | H46: =G46/F46 -> 0.48275862 | I46: =IF(AND(H46 > -1, H46 <= -0.5), "Extremely Overvalued", IF(AND(H46 > -0.5, H46 <= -0.15), "Pretty Overvalued", IF(AND(H46 > -0.15, H46 < 0), "Slightly Overvalued", IF(H46 = 0, "At ADP", IF(AND(H46 > 0, H46 <= 0.15), "Slightly Undervalued", IF(AND(H46 > 0.15, H46 <= 0.5), "Pretty Undervalued", IF(AND(H46 > 0.5, H46 <= 1), "Extremely Undervalued", ""))))))) -> Pretty Undervalued | J46: =IF(W46=$G$1,"M",IF(AND(U46="Drafted",W46<>$G$1),"Y","")) -> M | K46: =IF(E46="QB",1,IF(E46="RB",2,IF(E46="WR",3,IF(E46="TE",4,IF(E46="K",5,"Check"))))) -> 3 | L46: =IF(J46="M",COUNTIFS($J$4:J46,"M",$E$4:E46,E46)&" - "&K46,"N/A") -> 1 - 3 | M46: =IFERROR(INDEX(PlayerSummaryTable[Rushing Yds],MATCH('Rankings Master'!D46,PlayerSummaryTable[Player],0)),"") -> N/A | N46: =IFERROR(INDEX(PlayerSummaryTable[Receiving Yds],MATCH('Rankings Master'!D46,PlayerSummaryTable[Player],0)),"") -> 1099.5 | O46: =IFERROR(INDEX(PlayerSummaryTable[Passing Yds],MATCH('Rankings Master'!D46,PlayerSummaryTable[Player],0)),"") -> N/A | U46: =IF(COUNTIF('Draft Log'!$B$2:$B$301,D46)>0,"DRAFTED","") -> DRAFTED | V46: =IFERROR(INDEX('Draft Log'!$A$2:$A$301,MATCH(D46,'Draft Log'!$B$2:$B$301,0)),"") -> 33 | W46: =IFERROR(INDEX('Draft Log'!$C$2:$C$301,MATCH(D46,'Draft Log'!$B$2:$B$301,0)),"") -> Mustafa is Not Like Us
A47: 44 | B47: Calvin | C47: Ridley | D47: =IF($D$1="ESPN",INDEX(Table2[Mapped Name],MATCH('Rankings Master'!$A47,Table2[Overall Rank],0)),IF('Rankings Master'!$D$1="NFL.com",INDEX(Table3[Name Clean],MATCH('Rankings Master'!$A47,Table3[Rank],0)),IF('Rankings Master'!$D$1="Sleeper",INDEX(Sleeper!$B$2:$B$201,MATCH('Rankings Master'!$A47,Sleeper!$A$2:$A$201,0)),"Need platform"))) -> Rome Odunze | E47: =IF($D$1="ESPN",INDEX(Table2[Position],MATCH('Rankings Master'!$A47,Table2[Overall Rank],0)),IF('Rankings Master'!$D$1="NFL.com",INDEX(Table3[Position],MATCH('Rankings Master'!$A47,Table3[Rank],0)),INDEX(Sleeper!$C$2:$C$201,MATCH('Rankings Master'!A47,Sleeper!$A$2:$A$201,0)))) -> WR | F47: =INDEX(Table4[RK],MATCH('Rankings Master'!D47,Table4[PLAYER NAME],0)) -> 59 | G47: =A47-F47 -> -15 | H47: =G47/F47 -> -0.25423729 | I47: =IF(AND(H47 > -1, H47 <= -0.5), "Extremely Overvalued", IF(AND(H47 > -0.5, H47 <= -0.15), "Pretty Overvalued", IF(AND(H47 > -0.15, H47 < 0), "Slightly Overvalued", IF(H47 = 0, "At ADP", IF(AND(H47 > 0, H47 <= 0.15), "Slightly Undervalued", IF(AND(H47 > 0.15, H47 <= 0.5), "Pretty Undervalued", IF(AND(H47 > 0.5, H47 <= 1), "Extremely Undervalued", ""))))))) -> Pretty Overvalued | J47: =IF(W47=$G$1,"M",IF(AND(U47="Drafted",W47<>$G$1),"Y","")) -> Y | K47: =IF(E47="QB",1,IF(E47="RB",2,IF(E47="WR",3,IF(E47="TE",4,IF(E47="K",5,"Check"))))) -> 3 | L47: =IF(J47="M",COUNTIFS($J$4:J47,"M",$E$4:E47,E47)&" - "&K47,"N/A") -> N/A | M47: =IFERROR(INDEX(PlayerSummaryTable[Rushing Yds],MATCH('Rankings Master'!D47,PlayerSummaryTable[Player],0)),"") -> N/A | N47: =IFERROR(INDEX(PlayerSummaryTable[Receiving Yds],MATCH('Rankings Master'!D47,PlayerSummaryTable[Player],0)),"") -> 824.5 | O47: =IFERROR(INDEX(PlayerSummaryTable[Passing Yds],MATCH('Rankings Master'!D47,PlayerSummaryTable[Player],0)),"") -> N/A | U47: =IF(COUNTIF('Draft Log'!$B$2:$B$301,D47)>0,"DRAFTED","") -> DRAFTED | V47: =IFERROR(INDEX('Draft Log'!$A$2:$A$301,MATCH(D47,'Draft Log'!$B$2:$B$301,0)),"") -> 65 | W47: =IFERROR(INDEX('Draft Log'!$C$2:$C$301,MATCH(D47,'Draft Log'!$B$2:$B$301,0)),"") -> JJetts Skatt Hurts
A48: 45 | B48: Mark | C48: Andrews | D48: =IF($D$1="ESPN",INDEX(Table2[Mapped Name],MATCH('Rankings Master'!$A48,Table2[Overall Rank],0)),IF('Rankings Master'!$D$1="NFL.com",INDEX(Table3[Name Clean],MATCH('Rankings Master'!$A48,Table3[Rank],0)),IF('Rankings Master'!$D$1="Sleeper",INDEX(Sleeper!$B$2:$B$201,MATCH('Rankings Master'!$A48,Sleeper!$A$2:$A$201,0)),"Need platform"))) -> Tee Higgins | E48: =IF($D$1="ESPN",INDEX(Table2[Position],MATCH('Rankings Master'!$A48,Table2[Overall Rank],0)),IF('Rankings Master'!$D$1="NFL.com",INDEX(Table3[Position],MATCH('Rankings Master'!$A48,Table3[Rank],0)),INDEX(Sleeper!$C$2:$C$201,MATCH('Rankings Master'!A48,Sleeper!$A$2:$A$201,0)))) -> WR | F48: =INDEX(Table4[RK],MATCH('Rankings Master'!D48,Table4[PLAYER NAME],0)) -> 33 | G48: =A48-F48 -> 12 | H48: =G48/F48 -> 0.36363636 | I48: =IF(AND(H48 > -1, H48 <= -0.5), "Extremely Overvalued", IF(AND(H48 > -0.5, H48 <= -0.15), "Pretty Overvalued", IF(AND(H48 > -0.15, H48 < 0), "Slightly Overvalued", IF(H48 = 0, "At ADP", IF(AND(H48 > 0, H48 <= 0.15), "Slightly Undervalued", IF(AND(H48 > 0.15, H48 <= 0.5), "Pretty Undervalued", IF(AND(H48 > 0.5, H48 <= 1), "Extremely Undervalued", ""))))))) -> Pretty Undervalued | J48: =IF(W48=$G$1,"M",IF(AND(U48="Drafted",W48<>$G$1),"Y","")) -> Y | K48: =IF(E48="QB",1,IF(E48="RB",2,IF(E48="WR",3,IF(E48="TE",4,IF(E48="K",5,"Check"))))) -> 3 | L48: =IF(J48="M",COUNTIFS($J$4:J48,"M",$E$4:E48,E48)&" - "&K48,"N/A") -> N/A | M48: =IFERROR(INDEX(PlayerSummaryTable[Rushing Yds],MATCH('Rankings Master'!D48,PlayerSummaryTable[Player],0)),"") -> N/A | N48: =IFERROR(INDEX(PlayerSummaryTable[Receiving Yds],MATCH('Rankings Master'!D48,PlayerSummaryTable[Player],0)),"") -> 874.5 | O48: =IFERROR(INDEX(PlayerSummaryTable[Passing Yds],MATCH('Rankings Master'!D48,PlayerSummaryTable[Player],0)),"") -> N/A | U48: =IF(COUNTIF('Draft Log'!$B$2:$B$301,D48)>0,"DRAFTED","") -> DRAFTED | V48: =IFERROR(INDEX('Draft Log'!$A$2:$A$301,MATCH(D48,'Draft Log'!$B$2:$B$301,0)),"") -> 51 | W48: =IFERROR(INDEX('Draft Log'!$C$2:$C$301,MATCH(D48,'Draft Log'!$B$2:$B$301,0)),"") -> Double Chubb Chocolate Cookie
A49: 46 | B49: Joe | C49: Mixon | D49: =IF($D$1="ESPN",INDEX(Table2[Mapped Name],MATCH('Rankings Master'!$A49,Table2[Overall Rank],0)),IF('Rankings Master'!$D$1="NFL.com",INDEX(Table3[Name Clean],MATCH('Rankings Master'!$A49,Table3[Rank],0)),IF('Rankings Master'!$D$1="Sleeper",INDEX(Sleeper!$B$2:$B$201,MATCH('Rankings Master'!$A49,Sleeper!$A$2:$A$201,0)),"Need platform"))) -> Terry McLaurin | E49: =IF($D$1="ESPN",INDEX(Table2[Position],MATCH('Rankings Master'!$A49,Table2[Overall Rank],0)),IF('Rankings Master'!$D$1="NFL.com",INDEX(Table3[Position],MATCH('Rankings Master'!$A49,Table3[Rank],0)),INDEX(Sleeper!$C$2:$C$201,MATCH('Rankings Master'!A49,Sleeper!$A$2:$A$201,0)))) -> WR | F49: =INDEX(Table4[RK],MATCH('Rankings Master'!D49,Table4[PLAYER NAME],0)) -> 49 | G49: =A49-F49 -> -3 | H49: =G49/F49 -> -0.06122449 | I49: =IF(AND(H49 > -1, H49 <= -0.5), "Extremely Overvalued", IF(AND(H49 > -0.5, H49 <= -0.15), "Pretty Overvalued", IF(AND(H49 > -0.15, H49 < 0), "Slightly Overvalued", IF(H49 = 0, "At ADP", IF(AND(H49 > 0, H49 <= 0.15), "Slightly Undervalued", IF(AND(H49 > 0.15, H49 <= 0.5), "Pretty Undervalued", IF(AND(H49 > 0.5, H49 <= 1), "Extremely Undervalued", ""))))))) -> Slightly Overvalued | J49: =IF(W49=$G$1,"M",IF(AND(U49="Drafted",W49<>$G$1),"Y","")) -> Y | K49: =IF(E49="QB",1,IF(E49="RB",2,IF(E49="WR",3,IF(E49="TE",4,IF(E49="K",5,"Check"))))) -> 3 | L49: =IF(J49="M",COUNTIFS($J$4:J49,"M",$E$4:E49,E49)&" - "&K49,"N/A") -> N/A | M49: =IFERROR(INDEX(PlayerSummaryTable[Rushing Yds],MATCH('Rankings Master'!D49,PlayerSummaryTable[Player],0)),"") -> N/A | N49: =IFERROR(INDEX(PlayerSummaryTable[Receiving Yds],MATCH('Rankings Master'!D49,PlayerSummaryTable[Player],0)),"") -> 924.5 | O49: =IFERROR(INDEX(PlayerSummaryTable[Passing Yds],MATCH('Rankings Master'!D49,PlayerSummaryTable[Player],0)),"") -> N/A | U49: =IF(COUNTIF('Draft Log'!$B$2:$B$301,D49)>0,"DRAFTED","") -> DRAFTED | V49: =IFERROR(INDEX('Draft Log'!$A$2:$A$301,MATCH(D49,'Draft Log'!$B$2:$B$301,0)),"") -> 54 | W49: =IFERROR(INDEX('Draft Log'!$C$2:$C$301,MATCH(D49,'Draft Log'!$B$2:$B$301,0)),"") -> Eight Bell Tolls
A50: 47 | B50: Josh | C50: Jacobs | D50: =IF($D$1="ESPN",INDEX(Table2[Mapped Name],MATCH('Rankings Master'!$A50,Table2[Overall Rank],0)),IF('Rankings Master'!$D$1="NFL.com",INDEX(Table3[Name Clean],MATCH('Rankings Master'!$A50,Table3[Rank],0)),IF('Rankings Master'!$D$1="Sleeper",INDEX(Sleeper!$B$2:$B$201,MATCH('Rankings Master'!$A50,Sleeper!$A$2:$A$201,0)),"Need platform"))) -> Ladd McConkey | E50: =IF($D$1="ESPN",INDEX(Table2[Position],MATCH('Rankings Master'!$A50,Table2[Overall Rank],0)),IF('Rankings Master'!$D$1="NFL.com",INDEX(Table3[Position],MATCH('Rankings Master'!$A50,Table3[Rank],0)),INDEX(Sleeper!$C$2:$C$201,MATCH('Rankings Master'!A50,Sleeper!$A$2:$A$201,0)))) -> WR | F50: =INDEX(Table4[RK],MATCH('Rankings Master'!D50,Table4[PLAYER NAME],0)) -> 41 | G50: =A50-F50 -> 6 | H50: =G50/F50 -> 0.14634146 | I50: =IF(AND(H50 > -1, H50 <= -0.5), "Extremely Overvalued", IF(AND(H50 > -0.5, H50 <= -0.15), "Pretty Overvalued", IF(AND(H50 > -0.15, H50 < 0), "Slightly Overvalued", IF(H50 = 0, "At ADP", IF(AND(H50 > 0, H50 <= 0.15), "Slightly Undervalued", IF(AND(H50 > 0.15, H50 <= 0.5), "Pretty Undervalued", IF(AND(H50 > 0.5, H50 <= 1), "Extremely Undervalued", ""))))))) -> Slightly Undervalued | J50: =IF(W50=$G$1,"M",IF(AND(U50="Drafted",W50<>$G$1),"Y","")) -> Y | K50: =IF(E50="QB",1,IF(E50="RB",2,IF(E50="WR",3,IF(E50="TE",4,IF(E50="K",5,"Check"))))) -> 3 | L50: =IF(J50="M",COUNTIFS($J$4:J50,"M",$E$4:E50,E50)&" - "&K50,"N/A") -> N/A | M50: =IFERROR(INDEX(PlayerSummaryTable[Rushing Yds],MATCH('Rankings Master'!D50,PlayerSummaryTable[Player],0)),"") -> N/A | N50: =IFERROR(INDEX(PlayerSummaryTable[Receiving Yds],MATCH('Rankings Master'!D50,PlayerSummaryTable[Player],0)),"") -> 899.5 | O50: =IFERROR(INDEX(PlayerSummaryTable[Passing Yds],MATCH('Rankings Master'!D50,PlayerSummaryTable[Player],0)),"") -> N/A | U50: =IF(COUNTIF('Draft Log'!$B$2:$B$301,D50)>0,"DRAFTED","") -> DRAFTED | V50: =IFERROR(INDEX('Draft Log'!$A$2:$A$301,MATCH(D50,'Draft Log'!$B$2:$B$301,0)),"") -> 37 | W50: =IFERROR(INDEX('Draft Log'!$C$2:$C$301,MATCH(D50,'Draft Log'!$B$2:$B$301,0)),"") -> Cut to the Chase
A51: 48 | B51: Christian | C51: Kirk | D51: =IF($D$1="ESPN",INDEX(Table2[Mapped Name],MATCH('Rankings Master'!$A51,Table2[Overall Rank],0)),IF('Rankings Master'!$D$1="NFL.com",INDEX(Table3[Name Clean],MATCH('Rankings Master'!$A51,Table3[Rank],0)),IF('Rankings Master'!$D$1="Sleeper",INDEX(Sleeper!$B$2:$B$201,MATCH('Rankings Master'!$A51,Sleeper!$A$2:$A$201,0)),"Need platform"))) -> Jameson Williams | E51: =IF($D$1="ESPN",INDEX(Table2[Position],MATCH('Rankings Master'!$A51,Table2[Overall Rank],0)),IF('Rankings Master'!$D$1="NFL.com",INDEX(Table3[Position],MATCH('Rankings Master'!$A51,Table3[Rank],0)),INDEX(Sleeper!$C$2:$C$201,MATCH('Rankings Master'!A51,Sleeper!$A$2:$A$201,0)))) -> WR | F51: =INDEX(Table4[RK],MATCH('Rankings Master'!D51,Table4[PLAYER NAME],0)) -> 46 | G51: =A51-F51 -> 2 | H51: =G51/F51 -> 0.043478261 | I51: =IF(AND(H51 > -1, H51 <= -0.5), "Extremely Overvalued", IF(AND(H51 > -0.5, H51 <= -0.15), "Pretty Overvalued", IF(AND(H51 > -0.15, H51 < 0), "Slightly Overvalued", IF(H51 = 0, "At ADP", IF(AND(H51 > 0, H51 <= 0.15), "Slightly Undervalued", IF(AND(H51 > 0.15, H51 <= 0.5), "Pretty Undervalued", IF(AND(H51 > 0.5, H51 <= 1), "Extremely Undervalued", ""))))))) -> Slightly Undervalued | J51: =IF(W51=$G$1,"M",IF(AND(U51="Drafted",W51<>$G$1),"Y","")) -> M | K51: =IF(E51="QB",1,IF(E51="RB",2,IF(E51="WR",3,IF(E51="TE",4,IF(E51="K",5,"Check"))))) -> 3 | L51: =IF(J51="M",COUNTIFS($J$4:J51,"M",$E$4:E51,E51)&" - "&K51,"N/A") -> 2 - 3 | M51: =IFERROR(INDEX(PlayerSummaryTable[Rushing Yds],MATCH('Rankings Master'!D51,PlayerSummaryTable[Player],0)),"") -> N/A | N51: =IFERROR(INDEX(PlayerSummaryTable[Receiving Yds],MATCH('Rankings Master'!D51,PlayerSummaryTable[Player],0)),"") -> 924.5 | O51: =IFERROR(INDEX(PlayerSummaryTable[Passing Yds],MATCH('Rankings Master'!D51,PlayerSummaryTable[Player],0)),"") -> N/A | U51: =IF(COUNTIF('Draft Log'!$B$2:$B$301,D51)>0,"DRAFTED","") -> DRAFTED | V51: =IFERROR(INDEX('Draft Log'!$A$2:$A$301,MATCH(D51,'Draft Log'!$B$2:$B$301,0)),"") -> 53 | W51: =IFERROR(INDEX('Draft Log'!$C$2:$C$301,MATCH(D51,'Draft Log'!$B$2:$B$301,0)),"") -> Mustafa is Not Like Us
A52: 49 | B52: Stefon | C52: Diggs | D52: =IF($D$1="ESPN",INDEX(Table2[Mapped Name],MATCH('Rankings Master'!$A52,Table2[Overall Rank],0)),IF('Rankings Master'!$D$1="NFL.com",INDEX(Table3[Name Clean],MATCH('Rankings Master'!$A52,Table3[Rank],0)),IF('Rankings Master'!$D$1="Sleeper",INDEX(Sleeper!$B$2:$B$201,MATCH('Rankings Master'!$A52,Sleeper!$A$2:$A$201,0)),"Need platform"))) -> Colston Loveland | E52: =IF($D$1="ESPN",INDEX(Table2[Position],MATCH('Rankings Master'!$A52,Table2[Overall Rank],0)),IF('Rankings Master'!$D$1="NFL.com",INDEX(Table3[Position],MATCH('Rankings Master'!$A52,Table3[Rank],0)),INDEX(Sleeper!$C$2:$C$201,MATCH('Rankings Master'!A52,Sleeper!$A$2:$A$201,0)))) -> TE | F52: =INDEX(Table4[RK],MATCH('Rankings Master'!D52,Table4[PLAYER NAME],0)) -> 36 | G52: =A52-F52 -> 13 | H52: =G52/F52 -> 0.36111111 | I52: =IF(AND(H52 > -1, H52 <= -0.5), "Extremely Overvalued", IF(AND(H52 > -0.5, H52 <= -0.15), "Pretty Overvalued", IF(AND(H52 > -0.15, H52 < 0), "Slightly Overvalued", IF(H52 = 0, "At ADP", IF(AND(H52 > 0, H52 <= 0.15), "Slightly Undervalued", IF(AND(H52 > 0.15, H52 <= 0.5), "Pretty Undervalued", IF(AND(H52 > 0.5, H52 <= 1), "Extremely Undervalued", ""))))))) -> Pretty Undervalued | J52: =IF(W52=$G$1,"M",IF(AND(U52="Drafted",W52<>$G$1),"Y","")) -> Y | K52: =IF(E52="QB",1,IF(E52="RB",2,IF(E52="WR",3,IF(E52="TE",4,IF(E52="K",5,"Check"))))) -> 4 | L52: =IF(J52="M",COUNTIFS($J$4:J52,"M",$E$4:E52,E52)&" - "&K52,"N/A") -> N/A | M52: =IFERROR(INDEX(PlayerSummaryTable[Rushing Yds],MATCH('Rankings Master'!D52,PlayerSummaryTable[Player],0)),"") -> N/A | N52: =IFERROR(INDEX(PlayerSummaryTable[Receiving Yds],MATCH('Rankings Master'!D52,PlayerSummaryTable[Player],0)),"") -> 824.5 | O52: =IFERROR(INDEX(PlayerSummaryTable[Passing Yds],MATCH('Rankings Master'!D52,PlayerSummaryTable[Player],0)),"") -> N/A | U52: =IF(COUNTIF('Draft Log'!$B$2:$B$301,D52)>0,"DRAFTED","") -> DRAFTED | V52: =IFERROR(INDEX('Draft Log'!$A$2:$A$301,MATCH(D52,'Draft Log'!$B$2:$B$301,0)),"") -> 41 | W52: =IFERROR(INDEX('Draft Log'!$C$2:$C$301,MATCH(D52,'Draft Log'!$B$2:$B$301,0)),"") -> Team Afeef
A53: 50 | B53: Jalen | C53: Hurts | D53: =IF($D$1="ESPN",INDEX(Table2[Mapped Name],MATCH('Rankings Master'!$A53,Table2[Overall Rank],0)),IF('Rankings Master'!$D$1="NFL.com",INDEX(Table3[Name Clean],MATCH('Rankings Master'!$A53,Table3[Rank],0)),IF('Rankings Master'!$D$1="Sleeper",INDEX(Sleeper!$B$2:$B$201,MATCH('Rankings Master'!$A53,Sleeper!$A$2:$A$201,0)),"Need platform"))) -> Tyler Warren | E53: =IF($D$1="ESPN",INDEX(Table2[Position],MATCH('Rankings Master'!$A53,Table2[Overall Rank],0)),IF('Rankings Master'!$D$1="NFL.com",INDEX(Table3[Position],MATCH('Rankings Master'!$A53,Table3[Rank],0)),INDEX(Sleeper!$C$2:$C$201,MATCH('Rankings Master'!A53,Sleeper!$A$2:$A$201,0)))) -> TE | F53: =INDEX(Table4[RK],MATCH('Rankings Master'!D53,Table4[PLAYER NAME],0)) -> 63 | G53: =A53-F53 -> -13 | H53: =G53/F53 -> -0.20634921 | I53: =IF(AND(H53 > -1, H53 <= -0.5), "Extremely Overvalued", IF(AND(H53 > -0.5, H53 <= -0.15), "Pretty Overvalued", IF(AND(H53 > -0.15, H53 < 0), "Slightly Overvalued", IF(H53 = 0, "At ADP", IF(AND(H53 > 0, H53 <= 0.15), "Slightly Undervalued", IF(AND(H53 > 0.15, H53 <= 0.5), "Pretty Undervalued", IF(AND(H53 > 0.5, H53 <= 1), "Extremely Undervalued", ""))))))) -> Pretty Overvalued | J53: =IF(W53=$G$1,"M",IF(AND(U53="Drafted",W53<>$G$1),"Y","")) -> Y | K53: =IF(E53="QB",1,IF(E53="RB",2,IF(E53="WR",3,IF(E53="TE",4,IF(E53="K",5,"Check"))))) -> 4 | L53: =IF(J53="M",COUNTIFS($J$4:J53,"M",$E$4:E53,E53)&" - "&K53,"N/A") -> N/A | M53: =IFERROR(INDEX(PlayerSummaryTable[Rushing Yds],MATCH('Rankings Master'!D53,PlayerSummaryTable[Player],0)),"") -> N/A | N53: =IFERROR(INDEX(PlayerSummaryTable[Receiving Yds],MATCH('Rankings Master'!D53,PlayerSummaryTable[Player],0)),"") -> 774.5 | O53: =IFERROR(INDEX(PlayerSummaryTable[Passing Yds],MATCH('Rankings Master'!D53,PlayerSummaryTable[Player],0)),"") -> N/A | U53: =IF(COUNTIF('Draft Log'!$B$2:$B$301,D53)>0,"DRAFTED","") -> DRAFTED | V53: =IFERROR(INDEX('Draft Log'!$A$2:$A$301,MATCH(D53,'Draft Log'!$B$2:$B$301,0)),"") -> 44 | W53: =IFERROR(INDEX('Draft Log'!$C$2:$C$301,MATCH(D53,'Draft Log'!$B$2:$B$301,0)),"") -> Cut to the Chase
A54: 51 | B54: James | C54: Conner | D54: =IF($D$1="ESPN",INDEX(Table2[Mapped Name],MATCH('Rankings Master'!$A54,Table2[Overall Rank],0)),IF('Rankings Master'!$D$1="NFL.com",INDEX(Table3[Name Clean],MATCH('Rankings Master'!$A54,Table3[Rank],0)),IF('Rankings Master'!$D$1="Sleeper",INDEX(Sleeper!$B$2:$B$201,MATCH('Rankings Master'!$A54,Sleeper!$A$2:$A$201,0)),"Need platform"))) -> Jaylen Waddle | E54: =IF($D$1="ESPN",INDEX(Table2[Position],MATCH('Rankings Master'!$A54,Table2[Overall Rank],0)),IF('Rankings Master'!$D$1="NFL.com",INDEX(Table3[Position],MATCH('Rankings Master'!$A54,Table3[Rank],0)),INDEX(Sleeper!$C$2:$C$201,MATCH('Rankings Master'!A54,Sleeper!$A$2:$A$201,0)))) -> WR | F54: =INDEX(Table4[RK],MATCH('Rankings Master'!D54,Table4[PLAYER NAME],0)) -> 40 | G54: =A54-F54 -> 11 | H54: =G54/F54 -> 0.275 | I54: =IF(AND(H54 > -1, H54 <= -0.5), "Extremely Overvalued", IF(AND(H54 > -0.5, H54 <= -0.15), "Pretty Overvalued", IF(AND(H54 > -0.15, H54 < 0), "Slightly Overvalued", IF(H54 = 0, "At ADP", IF(AND(H54 > 0, H54 <= 0.15), "Slightly Undervalued", IF(AND(H54 > 0.15, H54 <= 0.5), "Pretty Undervalued", IF(AND(H54 > 0.5, H54 <= 1), "Extremely Undervalued", ""))))))) -> Pretty Undervalued | J54: =IF(W54=$G$1,"M",IF(AND(U54="Drafted",W54<>$G$1),"Y","")) -> Y | K54: =IF(E54="QB",1,IF(E54="RB",2,IF(E54="WR",3,IF(E54="TE",4,IF(E54="K",5,"Check"))))) -> 3 | L54: =IF(J54="M",COUNTIFS($J$4:J54,"M",$E$4:E54,E54)&" - "&K54,"N/A") -> N/A | M54: =IFERROR(INDEX(PlayerSummaryTable[Rushing Yds],MATCH('Rankings Master'!D54,PlayerSummaryTable[Player],0)),"") -> N/A | N54: =IFERROR(INDEX(PlayerSummaryTable[Receiving Yds],MATCH('Rankings Master'!D54,PlayerSummaryTable[Player],0)),"") -> 924.5 | O54: =IFERROR(INDEX(PlayerSummaryTable[Passing Yds],MATCH('Rankings Master'!D54,PlayerSummaryTable[Player],0)),"") -> N/A | U54: =IF(COUNTIF('Draft Log'!$B$2:$B$301,D54)>0,"DRAFTED","") -> DRAFTED | V54: =IFERROR(INDEX('Draft Log'!$A$2:$A$301,MATCH(D54,'Draft Log'!$B$2:$B$301,0)),"") -> 40 | W54: =IFERROR(INDEX('Draft Log'!$C$2:$C$301,MATCH(D54,'Draft Log'!$B$2:$B$301,0)),"") -> Team Afeef
A55: 52 | B55: Tee | C55: Higgins | D55: =IF($D$1="ESPN",INDEX(Table2[Mapped Name],MATCH('Rankings Master'!$A55,Table2[Overall Rank],0)),IF('Rankings Master'!$D$1="NFL.com",INDEX(Table3[Name Clean],MATCH('Rankings Master'!$A55,Table3[Rank],0)),IF('Rankings Master'!$D$1="Sleeper",INDEX(Sleeper!$B$2:$B$201,MATCH('Rankings Master'!$A55,Sleeper!$A$2:$A$201,0)),"Need platform"))) -> DJ Moore | E55: =IF($D$1="ESPN",INDEX(Table2[Position],MATCH('Rankings Master'!$A55,Table2[Overall Rank],0)),IF('Rankings Master'!$D$1="NFL.com",INDEX(Table3[Position],MATCH('Rankings Master'!$A55,Table3[Rank],0)),INDEX(Sleeper!$C$2:$C$201,MATCH('Rankings Master'!A55,Sleeper!$A$2:$A$201,0)))) -> WR | F55: =INDEX(Table4[RK],MATCH('Rankings Master'!D55,Table4[PLAYER NAME],0)) -> 58 | G55: =A55-F55 -> -6 | H55: =G55/F55 -> -0.10344828 | I55: =IF(AND(H55 > -1, H55 <= -0.5), "Extremely Overvalued", IF(AND(H55 > -0.5, H55 <= -0.15), "Pretty Overvalued", IF(AND(H55 > -0.15, H55 < 0), "Slightly Overvalued", IF(H55 = 0, "At ADP", IF(AND(H55 > 0, H55 <= 0.15), "Slightly Undervalued", IF(AND(H55 > 0.15, H55 <= 0.5), "Pretty Undervalued", IF(AND(H55 > 0.5, H55 <= 1), "Extremely Undervalued", ""))))))) -> Slightly Overvalued | J55: =IF(W55=$G$1,"M",IF(AND(U55="Drafted",W55<>$G$1),"Y","")) -> Y | K55: =IF(E55="QB",1,IF(E55="RB",2,IF(E55="WR",3,IF(E55="TE",4,IF(E55="K",5,"Check"))))) -> 3 | L55: =IF(J55="M",COUNTIFS($J$4:J55,"M",$E$4:E55,E55)&" - "&K55,"N/A") -> N/A | M55: =IFERROR(INDEX(PlayerSummaryTable[Rushing Yds],MATCH('Rankings Master'!D55,PlayerSummaryTable[Player],0)),"") -> N/A | N55: =IFERROR(INDEX(PlayerSummaryTable[Receiving Yds],MATCH('Rankings Master'!D55,PlayerSummaryTable[Player],0)),"") -> 849.5 | O55: =IFERROR(INDEX(PlayerSummaryTable[Passing Yds],MATCH('Rankings Master'!D55,PlayerSummaryTable[Player],0)),"") -> N/A | U55: =IF(COUNTIF('Draft Log'!$B$2:$B$301,D55)>0,"DRAFTED","") -> DRAFTED | V55: =IFERROR(INDEX('Draft Log'!$A$2:$A$301,MATCH(D55,'Draft Log'!$B$2:$B$301,0)),"") -> 46 | W55: =IFERROR(INDEX('Draft Log'!$C$2:$C$301,MATCH(D55,'Draft Log'!$B$2:$B$301,0)),"") -> BEST COUNTRY IN THE WORLD
A56: 53 | B56: David | C56: Montgomery | D56: =IF($D$1="ESPN",INDEX(Table2[Mapped Name],MATCH('Rankings Master'!$A56,Table2[Overall Rank],0)),IF('Rankings Master'!$D$1="NFL.com",INDEX(Table3[Name Clean],MATCH('Rankings Master'!$A56,Table3[Rank],0)),IF('Rankings Master'!$D$1="Sleeper",INDEX(Sleeper!$B$2:$B$201,MATCH('Rankings Master'!$A56,Sleeper!$A$2:$A$201,0)),"Need platform"))) -> Luther Burden III | E56: =IF($D$1="ESPN",INDEX(Table2[Position],MATCH('Rankings Master'!$A56,Table2[Overall Rank],0)),IF('Rankings Master'!$D$1="NFL.com",INDEX(Table3[Position],MATCH('Rankings Master'!$A56,Table3[Rank],0)),INDEX(Sleeper!$C$2:$C$201,MATCH('Rankings Master'!A56,Sleeper!$A$2:$A$201,0)))) -> WR | F56: =INDEX(Table4[RK],MATCH('Rankings Master'!D56,Table4[PLAYER NAME],0)) -> 54 | G56: =A56-F56 -> -1 | H56: =G56/F56 -> -0.018518519 | I56: =IF(AND(H56 > -1, H56 <= -0.5), "Extremely Overvalued", IF(AND(H56 > -0.5, H56 <= -0.15), "Pretty Overvalued", IF(AND(H56 > -0.15, H56 < 0), "Slightly Overvalued", IF(H56 = 0, "At ADP", IF(AND(H56 > 0, H56 <= 0.15), "Slightly Undervalued", IF(AND(H56 > 0.15, H56 <= 0.5), "Pretty Undervalued", IF(AND(H56 > 0.5, H56 <= 1), "Extremely Undervalued", ""))))))) -> Slightly Overvalued | J56: =IF(W56=$G$1,"M",IF(AND(U56="Drafted",W56<>$G$1),"Y","")) -> M | K56: =IF(E56="QB",1,IF(E56="RB",2,IF(E56="WR",3,IF(E56="TE",4,IF(E56="K",5,"Check"))))) -> 3 | L56: =IF(J56="M",COUNTIFS($J$4:J56,"M",$E$4:E56,E56)&" - "&K56,"N/A") -> 3 - 3 | M56: =IFERROR(INDEX(PlayerSummaryTable[Rushing Yds],MATCH('Rankings Master'!D56,PlayerSummaryTable[Player],0)),"") | N56: =IFERROR(INDEX(PlayerSummaryTable[Receiving Yds],MATCH('Rankings Master'!D56,PlayerSummaryTable[Player],0)),"") | O56: =IFERROR(INDEX(PlayerSummaryTable[Passing Yds],MATCH('Rankings Master'!D56,PlayerSummaryTable[Player],0)),"") | U56: =IF(COUNTIF('Draft Log'!$B$2:$B$301,D56)>0,"DRAFTED","") -> DRAFTED | V56: =IFERROR(INDEX('Draft Log'!$A$2:$A$301,MATCH(D56,'Draft Log'!$B$2:$B$301,0)),"") -> 48 | W56: =IFERROR(INDEX('Draft Log'!$C$2:$C$301,MATCH(D56,'Draft Log'!$B$2:$B$301,0)),"") -> Mustafa is Not Like Us
A57: 54 | B57: Patrick | C57: Mahomes | D57: =IF($D$1="ESPN",INDEX(Table2[Mapped Name],MATCH('Rankings Master'!$A57,Table2[Overall Rank],0)),IF('Rankings Master'!$D$1="NFL.com",INDEX(Table3[Name Clean],MATCH('Rankings Master'!$A57,Table3[Rank],0)),IF('Rankings Master'!$D$1="Sleeper",INDEX(Sleeper!$B$2:$B$201,MATCH('Rankings Master'!$A57,Sleeper!$A$2:$A$201,0)),"Need platform"))) -> Courtland Sutton | E57: =IF($D$1="ESPN",INDEX(Table2[Position],MATCH('Rankings Master'!$A57,Table2[Overall Rank],0)),IF('Rankings Master'!$D$1="NFL.com",INDEX(Table3[Position],MATCH('Rankings Master'!$A57,Table3[Rank],0)),INDEX(Sleeper!$C$2:$C$201,MATCH('Rankings Master'!A57,Sleeper!$A$2:$A$201,0)))) -> WR | F57: =INDEX(Table4[RK],MATCH('Rankings Master'!D57,Table4[PLAYER NAME],0)) -> 84 | G57: =A57-F57 -> -30 | H57: =G57/F57 -> -0.35714286 | I57: =IF(AND(H57 > -1, H57 <= -0.5), "Extremely Overvalued", IF(AND(H57 > -0.5, H57 <= -0.15), "Pretty Overvalued", IF(AND(H57 > -0.15, H57 < 0), "Slightly Overvalued", IF(H57 = 0, "At ADP", IF(AND(H57 > 0, H57 <= 0.15), "Slightly Undervalued", IF(AND(H57 > 0.15, H57 <= 0.5), "Pretty Undervalued", IF(AND(H57 > 0.5, H57 <= 1), "Extremely Undervalued", ""))))))) -> Pretty Overvalued | J57: =IF(W57=$G$1,"M",IF(AND(U57="Drafted",W57<>$G$1),"Y","")) -> Y | K57: =IF(E57="QB",1,IF(E57="RB",2,IF(E57="WR",3,IF(E57="TE",4,IF(E57="K",5,"Check"))))) -> 3 | L57: =IF(J57="M",COUNTIFS($J$4:J57,"M",$E$4:E57,E57)&" - "&K57,"N/A") -> N/A | M57: =IFERROR(INDEX(PlayerSummaryTable[Rushing Yds],MATCH('Rankings Master'!D57,PlayerSummaryTable[Player],0)),"") -> N/A | N57: =IFERROR(INDEX(PlayerSummaryTable[Receiving Yds],MATCH('Rankings Master'!D57,PlayerSummaryTable[Player],0)),"") -> 699.5 | O57: =IFERROR(INDEX(PlayerSummaryTable[Passing Yds],MATCH('Rankings Master'!D57,PlayerSummaryTable[Player],0)),"") -> N/A | U57: =IF(COUNTIF('Draft Log'!$B$2:$B$301,D57)>0,"DRAFTED","") -> DRAFTED | V57: =IFERROR(INDEX('Draft Log'!$A$2:$A$301,MATCH(D57,'Draft Log'!$B$2:$B$301,0)),"") -> 69 | W57: =IFERROR(INDEX('Draft Log'!$C$2:$C$301,MATCH(D57,'Draft Log'!$B$2:$B$301,0)),"") -> The Good, Bad and Ugly
... A198: 195 | B198: Anders | C198: Carlson | D198: =IF($D$1="ESPN",INDEX(Table2[Mapped Name],MATCH('Rankings Master'!$A198,Table2[Overall Rank],0)),IF('Rankings Master'!$D$1="NFL.com",INDEX(Table3[Name Clean],MATCH('Rankings Master'!$A198,Table3[Rank],0)),IF('Rankings Master'!$D$1="Sleeper",INDEX(Sleeper!$B$2:$B$201,MATCH('Rankings Master'!$A198,Sleeper!$A$2:$A$201,0)),"Need platform"))) -> Justice Hill | E198: =IF($D$1="ESPN",INDEX(Table2[Position],MATCH('Rankings Master'!$A198,Table2[Overall Rank],0)),IF('Rankings Master'!$D$1="NFL.com",INDEX(Table3[Position],MATCH('Rankings Master'!$A198,Table3[Rank],0)),INDEX(Sleeper!$C$2:$C$201,MATCH('Rankings Master'!A198,Sleeper!$A$2:$A$201,0)))) -> RB | F198: =INDEX(Table4[RK],MATCH('Rankings Master'!D198,Table4[PLAYER NAME],0)) -> 248 | G198: =A198-F198 -> -53 | H198: =G198/F198 -> -0.21370968 | I198: =IF(AND(H198 > -1, H198 <= -0.5), "Extremely Overvalued", IF(AND(H198 > -0.5, H198 <= -0.15), "Pretty Overvalued", IF(AND(H198 > -0.15, H198 < 0), "Slightly Overvalued", IF(H198 = 0, "At ADP", IF(AND(H198 > 0, H198 <= 0.15), "Slightly Undervalued", IF(AND(H198 > 0.15, H198 <= 0.5), "Pretty Undervalued", IF(AND(H198 > 0.5, H198 <= 1), "Extremely Undervalued", ""))))))) -> Pretty Overvalued | J198: =IF(W198=$G$1,"M",IF(AND(U198="Drafted",W198<>$G$1),"Y","")) | K198: =IF(E198="QB",1,IF(E198="RB",2,IF(E198="WR",3,IF(E198="TE",4,IF(E198="K",5,"Check"))))) -> 2 | L198: =IF(J198="M",COUNTIFS($J$4:J198,"M",$E$4:E198,E198)&" - "&K198,"N/A") -> N/A | M198: =IFERROR(INDEX(PlayerSummaryTable[Rushing Yds],MATCH('Rankings Master'!D198,PlayerSummaryTable[Player],0)),"") | N198: =IFERROR(INDEX(PlayerSummaryTable[Receiving Yds],MATCH('Rankings Master'!D198,PlayerSummaryTable[Player],0)),"") | O198: =IFERROR(INDEX(PlayerSummaryTable[Passing Yds],MATCH('Rankings Master'!D198,PlayerSummaryTable[Player],0)),"") | U198: =IF(COUNTIF('Draft Log'!$B$2:$B$301,D198)>0,"DRAFTED","") | V198: =IFERROR(INDEX('Draft Log'!$A$2:$A$301,MATCH(D198,'Draft Log'!$B$2:$B$301,0)),"") | W198: =IFERROR(INDEX('Draft Log'!$C$2:$C$301,MATCH(D198,'Draft Log'!$B$2:$B$301,0)),"")
A199: 196 | D199: =IF($D$1="ESPN",INDEX(Table2[Mapped Name],MATCH('Rankings Master'!$A199,Table2[Overall Rank],0)),IF('Rankings Master'!$D$1="NFL.com",INDEX(Table3[Name Clean],MATCH('Rankings Master'!$A199,Table3[Rank],0)),IF('Rankings Master'!$D$1="Sleeper",INDEX(Sleeper!$B$2:$B$201,MATCH('Rankings Master'!$A199,Sleeper!$A$2:$A$201,0)),"Need platform"))) -> Kaelon Black | E199: =IF($D$1="ESPN",INDEX(Table2[Position],MATCH('Rankings Master'!$A199,Table2[Overall Rank],0)),IF('Rankings Master'!$D$1="NFL.com",INDEX(Table3[Position],MATCH('Rankings Master'!$A199,Table3[Rank],0)),INDEX(Sleeper!$C$2:$C$201,MATCH('Rankings Master'!A199,Sleeper!$A$2:$A$201,0)))) -> RB | F199: =INDEX(Table4[RK],MATCH('Rankings Master'!D199,Table4[PLAYER NAME],0)) -> 197 | G199: =A199-F199 -> -1 | H199: =G199/F199 -> -0.0050761421 | I199: =IF(AND(H199 > -1, H199 <= -0.5), "Extremely Overvalued", IF(AND(H199 > -0.5, H199 <= -0.15), "Pretty Overvalued", IF(AND(H199 > -0.15, H199 < 0), "Slightly Overvalued", IF(H199 = 0, "At ADP", IF(AND(H199 > 0, H199 <= 0.15), "Slightly Undervalued", IF(AND(H199 > 0.15, H199 <= 0.5), "Pretty Undervalued", IF(AND(H199 > 0.5, H199 <= 1), "Extremely Undervalued", ""))))))) -> Slightly Overvalued | J199: =IF(W199=$G$1,"M",IF(AND(U199="Drafted",W199<>$G$1),"Y","")) -> Y | K199: =IF(E199="QB",1,IF(E199="RB",2,IF(E199="WR",3,IF(E199="TE",4,IF(E199="K",5,"Check"))))) -> 2 | M199: =IFERROR(INDEX(PlayerSummaryTable[Rushing Yds],MATCH('Rankings Master'!D199,PlayerSummaryTable[Player],0)),"") | N199: =IFERROR(INDEX(PlayerSummaryTable[Receiving Yds],MATCH('Rankings Master'!D199,PlayerSummaryTable[Player],0)),"") | O199: =IFERROR(INDEX(PlayerSummaryTable[Passing Yds],MATCH('Rankings Master'!D199,PlayerSummaryTable[Player],0)),"") | U199: =IF(COUNTIF('Draft Log'!$B$2:$B$301,D199)>0,"DRAFTED","") -> DRAFTED | V199: =IFERROR(INDEX('Draft Log'!$A$2:$A$301,MATCH(D199,'Draft Log'!$B$2:$B$301,0)),"") -> 160 | W199: =IFERROR(INDEX('Draft Log'!$C$2:$C$301,MATCH(D199,'Draft Log'!$B$2:$B$301,0)),"") -> Team Afeef
A200: 197 | D200: =IF($D$1="ESPN",INDEX(Table2[Mapped Name],MATCH('Rankings Master'!$A200,Table2[Overall Rank],0)),IF('Rankings Master'!$D$1="NFL.com",INDEX(Table3[Name Clean],MATCH('Rankings Master'!$A200,Table3[Rank],0)),IF('Rankings Master'!$D$1="Sleeper",INDEX(Sleeper!$B$2:$B$201,MATCH('Rankings Master'!$A200,Sleeper!$A$2:$A$201,0)),"Need platform"))) -> Ja'Kobi Lane | E200: =IF($D$1="ESPN",INDEX(Table2[Position],MATCH('Rankings Master'!$A200,Table2[Overall Rank],0)),IF('Rankings Master'!$D$1="NFL.com",INDEX(Table3[Position],MATCH('Rankings Master'!$A200,Table3[Rank],0)),INDEX(Sleeper!$C$2:$C$201,MATCH('Rankings Master'!A200,Sleeper!$A$2:$A$201,0)))) -> WR | F200: =INDEX(Table4[RK],MATCH('Rankings Master'!D200,Table4[PLAYER NAME],0)) -> 199 | G200: =A200-F200 -> -2 | H200: =G200/F200 -> -0.010050251 | I200: =IF(AND(H200 > -1, H200 <= -0.5), "Extremely Overvalued", IF(AND(H200 > -0.5, H200 <= -0.15), "Pretty Overvalued", IF(AND(H200 > -0.15, H200 < 0), "Slightly Overvalued", IF(H200 = 0, "At ADP", IF(AND(H200 > 0, H200 <= 0.15), "Slightly Undervalued", IF(AND(H200 > 0.15, H200 <= 0.5), "Pretty Undervalued", IF(AND(H200 > 0.5, H200 <= 1), "Extremely Undervalued", ""))))))) -> Slightly Overvalued | J200: =IF(W200=$G$1,"M",IF(AND(U200="Drafted",W200<>$G$1),"Y","")) | K200: =IF(E200="QB",1,IF(E200="RB",2,IF(E200="WR",3,IF(E200="TE",4,IF(E200="K",5,"Check"))))) -> 3 | M200: =IFERROR(INDEX(PlayerSummaryTable[Rushing Yds],MATCH('Rankings Master'!D200,PlayerSummaryTable[Player],0)),"") | N200: =IFERROR(INDEX(PlayerSummaryTable[Receiving Yds],MATCH('Rankings Master'!D200,PlayerSummaryTable[Player],0)),"") | O200: =IFERROR(INDEX(PlayerSummaryTable[Passing Yds],MATCH('Rankings Master'!D200,PlayerSummaryTable[Player],0)),"") | U200: =IF(COUNTIF('Draft Log'!$B$2:$B$301,D200)>0,"DRAFTED","") | V200: =IFERROR(INDEX('Draft Log'!$A$2:$A$301,MATCH(D200,'Draft Log'!$B$2:$B$301,0)),"") | W200: =IFERROR(INDEX('Draft Log'!$C$2:$C$301,MATCH(D200,'Draft Log'!$B$2:$B$301,0)),"")
A201: 198 | D201: =IF($D$1="ESPN",INDEX(Table2[Mapped Name],MATCH('Rankings Master'!$A201,Table2[Overall Rank],0)),IF('Rankings Master'!$D$1="NFL.com",INDEX(Table3[Name Clean],MATCH('Rankings Master'!$A201,Table3[Rank],0)),IF('Rankings Master'!$D$1="Sleeper",INDEX(Sleeper!$B$2:$B$201,MATCH('Rankings Master'!$A201,Sleeper!$A$2:$A$201,0)),"Need platform"))) -> Jordan Love | E201: =IF($D$1="ESPN",INDEX(Table2[Position],MATCH('Rankings Master'!$A201,Table2[Overall Rank],0)),IF('Rankings Master'!$D$1="NFL.com",INDEX(Table3[Position],MATCH('Rankings Master'!$A201,Table3[Rank],0)),INDEX(Sleeper!$C$2:$C$201,MATCH('Rankings Master'!A201,Sleeper!$A$2:$A$201,0)))) -> QB | F201: =INDEX(Table4[RK],MATCH('Rankings Master'!D201,Table4[PLAYER NAME],0)) -> 119 | G201: =A201-F201 -> 79 | H201: =G201/F201 -> 0.66386555 | I201: =IF(AND(H201 > -1, H201 <= -0.5), "Extremely Overvalued", IF(AND(H201 > -0.5, H201 <= -0.15), "Pretty Overvalued", IF(AND(H201 > -0.15, H201 < 0), "Slightly Overvalued", IF(H201 = 0, "At ADP", IF(AND(H201 > 0, H201 <= 0.15), "Slightly Undervalued", IF(AND(H201 > 0.15, H201 <= 0.5), "Pretty Undervalued", IF(AND(H201 > 0.5, H201 <= 1), "Extremely Undervalued", ""))))))) -> Extremely Undervalued | J201: =IF(W201=$G$1,"M",IF(AND(U201="Drafted",W201<>$G$1),"Y","")) | K201: =IF(E201="QB",1,IF(E201="RB",2,IF(E201="WR",3,IF(E201="TE",4,IF(E201="K",5,"Check"))))) -> 1 | M201: =IFERROR(INDEX(PlayerSummaryTable[Rushing Yds],MATCH('Rankings Master'!D201,PlayerSummaryTable[Player],0)),"") -> N/A | N201: =IFERROR(INDEX(PlayerSummaryTable[Receiving Yds],MATCH('Rankings Master'!D201,PlayerSummaryTable[Player],0)),"") -> N/A | O201: =IFERROR(INDEX(PlayerSummaryTable[Passing Yds],MATCH('Rankings Master'!D201,PlayerSummaryTable[Player],0)),"") -> 3549.5 | U201: =IF(COUNTIF('Draft Log'!$B$2:$B$301,D201)>0,"DRAFTED","") | V201: =IFERROR(INDEX('Draft Log'!$A$2:$A$301,MATCH(D201,'Draft Log'!$B$2:$B$301,0)),"") | W201: =IFERROR(INDEX('Draft Log'!$C$2:$C$301,MATCH(D201,'Draft Log'!$B$2:$B$301,0)),"")
A202: 199 | D202: =IF($D$1="ESPN",INDEX(Table2[Mapped Name],MATCH('Rankings Master'!$A202,Table2[Overall Rank],0)),IF('Rankings Master'!$D$1="NFL.com",INDEX(Table3[Name Clean],MATCH('Rankings Master'!$A202,Table3[Rank],0)),IF('Rankings Master'!$D$1="Sleeper",INDEX(Sleeper!$B$2:$B$201,MATCH('Rankings Master'!$A202,Sleeper!$A$2:$A$201,0)),"Need platform"))) -> C.J. Stroud | E202: =IF($D$1="ESPN",INDEX(Table2[Position],MATCH('Rankings Master'!$A202,Table2[Overall Rank],0)),IF('Rankings Master'!$D$1="NFL.com",INDEX(Table3[Position],MATCH('Rankings Master'!$A202,Table3[Rank],0)),INDEX(Sleeper!$C$2:$C$201,MATCH('Rankings Master'!A202,Sleeper!$A$2:$A$201,0)))) -> QB | F202: =INDEX(Table4[RK],MATCH('Rankings Master'!D202,Table4[PLAYER NAME],0)) -> 146 | G202: =A202-F202 -> 53 | H202: =G202/F202 -> 0.3630137 | I202: =IF(AND(H202 > -1, H202 <= -0.5), "Extremely Overvalued", IF(AND(H202 > -0.5, H202 <= -0.15), "Pretty Overvalued", IF(AND(H202 > -0.15, H202 < 0), "Slightly Overvalued", IF(H202 = 0, "At ADP", IF(AND(H202 > 0, H202 <= 0.15), "Slightly Undervalued", IF(AND(H202 > 0.15, H202 <= 0.5), "Pretty Undervalued", IF(AND(H202 > 0.5, H202 <= 1), "Extremely Undervalued", ""))))))) -> Pretty Undervalued | J202: =IF(W202=$G$1,"M",IF(AND(U202="Drafted",W202<>$G$1),"Y","")) | K202: =IF(E202="QB",1,IF(E202="RB",2,IF(E202="WR",3,IF(E202="TE",4,IF(E202="K",5,"Check"))))) -> 1 | M202: =IFERROR(INDEX(PlayerSummaryTable[Rushing Yds],MATCH('Rankings Master'!D202,PlayerSummaryTable[Player],0)),"") | N202: =IFERROR(INDEX(PlayerSummaryTable[Receiving Yds],MATCH('Rankings Master'!D202,PlayerSummaryTable[Player],0)),"") | O202: =IFERROR(INDEX(PlayerSummaryTable[Passing Yds],MATCH('Rankings Master'!D202,PlayerSummaryTable[Player],0)),"") | U202: =IF(COUNTIF('Draft Log'!$B$2:$B$301,D202)>0,"DRAFTED","") | V202: =IFERROR(INDEX('Draft Log'!$A$2:$A$301,MATCH(D202,'Draft Log'!$B$2:$B$301,0)),"") | W202: =IFERROR(INDEX('Draft Log'!$C$2:$C$301,MATCH(D202,'Draft Log'!$B$2:$B$301,0)),"")
A203: 200 | D203: =IF($D$1="ESPN",INDEX(Table2[Mapped Name],MATCH('Rankings Master'!$A203,Table2[Overall Rank],0)),IF('Rankings Master'!$D$1="NFL.com",INDEX(Table3[Name Clean],MATCH('Rankings Master'!$A203,Table3[Rank],0)),IF('Rankings Master'!$D$1="Sleeper",INDEX(Sleeper!$B$2:$B$201,MATCH('Rankings Master'!$A203,Sleeper!$A$2:$A$201,0)),"Need platform"))) -> Sam Darnold | E203: =IF($D$1="ESPN",INDEX(Table2[Position],MATCH('Rankings Master'!$A203,Table2[Overall Rank],0)),IF('Rankings Master'!$D$1="NFL.com",INDEX(Table3[Position],MATCH('Rankings Master'!$A203,Table3[Rank],0)),INDEX(Sleeper!$C$2:$C$201,MATCH('Rankings Master'!A203,Sleeper!$A$2:$A$201,0)))) -> QB | F203: =INDEX(Table4[RK],MATCH('Rankings Master'!D203,Table4[PLAYER NAME],0)) -> 137 | G203: =A203-F203 -> 63 | H203: =G203/F203 -> 0.45985401 | I203: =IF(AND(H203 > -1, H203 <= -0.5), "Extremely Overvalued", IF(AND(H203 > -0.5, H203 <= -0.15), "Pretty Overvalued", IF(AND(H203 > -0.15, H203 < 0), "Slightly Overvalued", IF(H203 = 0, "At ADP", IF(AND(H203 > 0, H203 <= 0.15), "Slightly Undervalued", IF(AND(H203 > 0.15, H203 <= 0.5), "Pretty Undervalued", IF(AND(H203 > 0.5, H203 <= 1), "Extremely Undervalued", ""))))))) -> Pretty Undervalued | J203: =IF(W203=$G$1,"M",IF(AND(U203="Drafted",W203<>$G$1),"Y","")) | K203: =IF(E203="QB",1,IF(E203="RB",2,IF(E203="WR",3,IF(E203="TE",4,IF(E203="K",5,"Check"))))) -> 1 | M203: =IFERROR(INDEX(PlayerSummaryTable[Rushing Yds],MATCH('Rankings Master'!D203,PlayerSummaryTable[Player],0)),"") -> N/A | N203: =IFERROR(INDEX(PlayerSummaryTable[Receiving Yds],MATCH('Rankings Master'!D203,PlayerSummaryTable[Player],0)),"") -> N/A | O203: =IFERROR(INDEX(PlayerSummaryTable[Passing Yds],MATCH('Rankings Master'!D203,PlayerSummaryTable[Player],0)),"") -> 3699.5 | U203: =IF(COUNTIF('Draft Log'!$B$2:$B$301,D203)>0,"DRAFTED","") | V203: =IFERROR(INDEX('Draft Log'!$A$2:$A$301,MATCH(D203,'Draft Log'!$B$2:$B$301,0)),"") | W203: =IFERROR(INDEX('Draft Log'!$C$2:$C$301,MATCH(D203,'Draft Log'!$B$2:$B$301,0)),"")
A204: =A203+1 -> 201 | D204: =IF($D$1="ESPN",INDEX(Table2[Mapped Name],MATCH('Rankings Master'!$A204,Table2[Overall Rank],0)),IF('Rankings Master'!$D$1="NFL.com",INDEX(Table3[Name Clean],MATCH('Rankings Master'!$A204,Table3[Rank],0)),IF('Rankings Master'!$D$1="Sleeper",INDEX(Sleeper!$B$2:$B$201,MATCH('Rankings Master'!$A204,Sleeper!$A$2:$A$201,0)),"Need platform"))) -> Jauan Jennings | E204: =IF($D$1="ESPN",INDEX(Table2[Position],MATCH('Rankings Master'!$A204,Table2[Overall Rank],0)),IF('Rankings Master'!$D$1="NFL.com",INDEX(Table3[Position],MATCH('Rankings Master'!$A204,Table3[Rank],0)),INDEX(Sleeper!$C$2:$C$201,MATCH('Rankings Master'!A204,Sleeper!$A$2:$A$201,0)))) -> WR | F204: =INDEX(Table4[RK],MATCH('Rankings Master'!D204,Table4[PLAYER NAME],0)) -> 169 | G204: =A204-F204 -> 32 | H204: =G204/F204 -> 0.18934911 | I204: =IF(AND(H204 > -1, H204 <= -0.5), "Extremely Overvalued", IF(AND(H204 > -0.5, H204 <= -0.15), "Pretty Overvalued", IF(AND(H204 > -0.15, H204 < 0), "Slightly Overvalued", IF(H204 = 0, "At ADP", IF(AND(H204 > 0, H204 <= 0.15), "Slightly Undervalued", IF(AND(H204 > 0.15, H204 <= 0.5), "Pretty Undervalued", IF(AND(H204 > 0.5, H204 <= 1), "Extremely Undervalued", ""))))))) -> Pretty Undervalued | J204: =IF(W204=$G$1,"M",IF(AND(U204="Drafted",W204<>$G$1),"Y","")) | M204: =IFERROR(INDEX(PlayerSummaryTable[Rushing Yds],MATCH('Rankings Master'!D204,PlayerSummaryTable[Player],0)),"") | N204: =IFERROR(INDEX(PlayerSummaryTable[Receiving Yds],MATCH('Rankings Master'!D204,PlayerSummaryTable[Player],0)),"") | O204: =IFERROR(INDEX(PlayerSummaryTable[Passing Yds],MATCH('Rankings Master'!D204,PlayerSummaryTable[Player],0)),"") | U204: =IF(COUNTIF('Draft Log'!$B$2:$B$301,D204)>0,"DRAFTED","") | V204: =IFERROR(INDEX('Draft Log'!$A$2:$A$301,MATCH(D204,'Draft Log'!$B$2:$B$301,0)),"") | W204: =IFERROR(INDEX('Draft Log'!$C$2:$C$301,MATCH(D204,'Draft Log'!$B$2:$B$301,0)),"")
A205: =A204+1 -> 202 | D205: =IF($D$1="ESPN",INDEX(Table2[Mapped Name],MATCH('Rankings Master'!$A205,Table2[Overall Rank],0)),IF('Rankings Master'!$D$1="NFL.com",INDEX(Table3[Name Clean],MATCH('Rankings Master'!$A205,Table3[Rank],0)),IF('Rankings Master'!$D$1="Sleeper",INDEX(Sleeper!$B$2:$B$201,MATCH('Rankings Master'!$A205,Sleeper!$A$2:$A$201,0)),"Need platform"))) -> Malachi Fields | E205: =IF($D$1="ESPN",INDEX(Table2[Position],MATCH('Rankings Master'!$A205,Table2[Overall Rank],0)),IF('Rankings Master'!$D$1="NFL.com",INDEX(Table3[Position],MATCH('Rankings Master'!$A205,Table3[Rank],0)),INDEX(Sleeper!$C$2:$C$201,MATCH('Rankings Master'!A205,Sleeper!$A$2:$A$201,0)))) -> WR | F205: =INDEX(Table4[RK],MATCH('Rankings Master'!D205,Table4[PLAYER NAME],0)) -> 226 | G205: =A205-F205 -> -24 | H205: =G205/F205 -> -0.10619469 | I205: =IF(AND(H205 > -1, H205 <= -0.5), "Extremely Overvalued", IF(AND(H205 > -0.5, H205 <= -0.15), "Pretty Overvalued", IF(AND(H205 > -0.15, H205 < 0), "Slightly Overvalued", IF(H205 = 0, "At ADP", IF(AND(H205 > 0, H205 <= 0.15), "Slightly Undervalued", IF(AND(H205 > 0.15, H205 <= 0.5), "Pretty Undervalued", IF(AND(H205 > 0.5, H205 <= 1), "Extremely Undervalued", ""))))))) -> Slightly Overvalued | J205: =IF(W205=$G$1,"M",IF(AND(U205="Drafted",W205<>$G$1),"Y","")) | M205: =IFERROR(INDEX(PlayerSummaryTable[Rushing Yds],MATCH('Rankings Master'!D205,PlayerSummaryTable[Player],0)),"") | N205: =IFERROR(INDEX(PlayerSummaryTable[Receiving Yds],MATCH('Rankings Master'!D205,PlayerSummaryTable[Player],0)),"") | O205: =IFERROR(INDEX(PlayerSummaryTable[Passing Yds],MATCH('Rankings Master'!D205,PlayerSummaryTable[Player],0)),"") | U205: =IF(COUNTIF('Draft Log'!$B$2:$B$301,D205)>0,"DRAFTED","") | V205: =IFERROR(INDEX('Draft Log'!$A$2:$A$301,MATCH(D205,'Draft Log'!$B$2:$B$301,0)),"") | W205: =IFERROR(INDEX('Draft Log'!$C$2:$C$301,MATCH(D205,'Draft Log'!$B$2:$B$301,0)),"")
A206: =A205+1 -> 203 | D206: =IF($D$1="ESPN",INDEX(Table2[Mapped Name],MATCH('Rankings Master'!$A206,Table2[Overall Rank],0)),IF('Rankings Master'!$D$1="NFL.com",INDEX(Table3[Name Clean],MATCH('Rankings Master'!$A206,Table3[Rank],0)),IF('Rankings Master'!$D$1="Sleeper",INDEX(Sleeper!$B$2:$B$201,MATCH('Rankings Master'!$A206,Sleeper!$A$2:$A$201,0)),"Need platform"))) -> Germie Bernard | E206: =IF($D$1="ESPN",INDEX(Table2[Position],MATCH('Rankings Master'!$A206,Table2[Overall Rank],0)),IF('Rankings Master'!$D$1="NFL.com",INDEX(Table3[Position],MATCH('Rankings Master'!$A206,Table3[Rank],0)),INDEX(Sleeper!$C$2:$C$201,MATCH('Rankings Master'!A206,Sleeper!$A$2:$A$201,0)))) -> WR | F206: =INDEX(Table4[RK],MATCH('Rankings Master'!D206,Table4[PLAYER NAME],0)) -> 245 | G206: =A206-F206 -> -42 | H206: =G206/F206 -> -0.17142857 | I206: =IF(AND(H206 > -1, H206 <= -0.5), "Extremely Overvalued", IF(AND(H206 > -0.5, H206 <= -0.15), "Pretty Overvalued", IF(AND(H206 > -0.15, H206 < 0), "Slightly Overvalued", IF(H206 = 0, "At ADP", IF(AND(H206 > 0, H206 <= 0.15), "Slightly Undervalued", IF(AND(H206 > 0.15, H206 <= 0.5), "Pretty Undervalued", IF(AND(H206 > 0.5, H206 <= 1), "Extremely Undervalued", ""))))))) -> Pretty Overvalued | J206: =IF(W206=$G$1,"M",IF(AND(U206="Drafted",W206<>$G$1),"Y","")) | M206: =IFERROR(INDEX(PlayerSummaryTable[Rushing Yds],MATCH('Rankings Master'!D206,PlayerSummaryTable[Player],0)),"") | N206: =IFERROR(INDEX(PlayerSummaryTable[Receiving Yds],MATCH('Rankings Master'!D206,PlayerSummaryTable[Player],0)),"") | O206: =IFERROR(INDEX(PlayerSummaryTable[Passing Yds],MATCH('Rankings Master'!D206,PlayerSummaryTable[Player],0)),"") | U206: =IF(COUNTIF('Draft Log'!$B$2:$B$301,D206)>0,"DRAFTED","") | V206: =IFERROR(INDEX('Draft Log'!$A$2:$A$301,MATCH(D206,'Draft Log'!$B$2:$B$301,0)),"") | W206: =IFERROR(INDEX('Draft Log'!$C$2:$C$301,MATCH(D206,'Draft Log'!$B$2:$B$301,0)),"")
A207: =A206+1 -> 204 | D207: =IF($D$1="ESPN",INDEX(Table2[Mapped Name],MATCH('Rankings Master'!$A207,Table2[Overall Rank],0)),IF('Rankings Master'!$D$1="NFL.com",INDEX(Table3[Name Clean],MATCH('Rankings Master'!$A207,Table3[Rank],0)),IF('Rankings Master'!$D$1="Sleeper",INDEX(Sleeper!$B$2:$B$201,MATCH('Rankings Master'!$A207,Sleeper!$A$2:$A$201,0)),"Need platform"))) -> Tre' Harris | E207: =IF($D$1="ESPN",INDEX(Table2[Position],MATCH('Rankings Master'!$A207,Table2[Overall Rank],0)),IF('Rankings Master'!$D$1="NFL.com",INDEX(Table3[Position],MATCH('Rankings Master'!$A207,Table3[Rank],0)),INDEX(Sleeper!$C$2:$C$201,MATCH('Rankings Master'!A207,Sleeper!$A$2:$A$201,0)))) -> WR | F207: =INDEX(Table4[RK],MATCH('Rankings Master'!D207,Table4[PLAYER NAME],0)) -> 176 | G207: =A207-F207 -> 28 | H207: =G207/F207 -> 0.15909091 | I207: =IF(AND(H207 > -1, H207 <= -0.5), "Extremely Overvalued", IF(AND(H207 > -0.5, H207 <= -0.15), "Pretty Overvalued", IF(AND(H207 > -0.15, H207 < 0), "Slightly Overvalued", IF(H207 = 0, "At ADP", IF(AND(H207 > 0, H207 <= 0.15), "Slightly Undervalued", IF(AND(H207 > 0.15, H207 <= 0.5), "Pretty Undervalued", IF(AND(H207 > 0.5, H207 <= 1), "Extremely Undervalued", ""))))))) -> Pretty Undervalued | J207: =IF(W207=$G$1,"M",IF(AND(U207="Drafted",W207<>$G$1),"Y","")) | M207: =IFERROR(INDEX(PlayerSummaryTable[Rushing Yds],MATCH('Rankings Master'!D207,PlayerSummaryTable[Player],0)),"") | N207: =IFERROR(INDEX(PlayerSummaryTable[Receiving Yds],MATCH('Rankings Master'!D207,PlayerSummaryTable[Player],0)),"") | O207: =IFERROR(INDEX(PlayerSummaryTable[Passing Yds],MATCH('Rankings Master'!D207,PlayerSummaryTable[Player],0)),"") | U207: =IF(COUNTIF('Draft Log'!$B$2:$B$301,D207)>0,"DRAFTED","") | V207: =IFERROR(INDEX('Draft Log'!$A$2:$A$301,MATCH(D207,'Draft Log'!$B$2:$B$301,0)),"") | W207: =IFERROR(INDEX('Draft Log'!$C$2:$C$301,MATCH(D207,'Draft Log'!$B$2:$B$301,0)),"")
A208: =A207+1 -> 205 | D208: =IF($D$1="ESPN",INDEX(Table2[Mapped Name],MATCH('Rankings Master'!$A208,Table2[Overall Rank],0)),IF('Rankings Master'!$D$1="NFL.com",INDEX(Table3[Name Clean],MATCH('Rankings Master'!$A208,Table3[Rank],0)),IF('Rankings Master'!$D$1="Sleeper",INDEX(Sleeper!$B$2:$B$201,MATCH('Rankings Master'!$A208,Sleeper!$A$2:$A$201,0)),"Need platform"))) -> Ryan Flournoy | E208: =IF($D$1="ESPN",INDEX(Table2[Position],MATCH('Rankings Master'!$A208,Table2[Overall Rank],0)),IF('Rankings Master'!$D$1="NFL.com",INDEX(Table3[Position],MATCH('Rankings Master'!$A208,Table3[Rank],0)),INDEX(Sleeper!$C$2:$C$201,MATCH('Rankings Master'!A208,Sleeper!$A$2:$A$201,0)))) -> WR | F208: =INDEX(Table4[RK],MATCH('Rankings Master'!D208,Table4[PLAYER NAME],0)) -> 179 | G208: =A208-F208 -> 26 | H208: =G208/F208 -> 0.1452514 | I208: =IF(AND(H208 > -1, H208 <= -0.5), "Extremely Overvalued", IF(AND(H208 > -0.5, H208 <= -0.15), "Pretty Overvalued", IF(AND(H208 > -0.15, H208 < 0), "Slightly Overvalued", IF(H208 = 0, "At ADP", IF(AND(H208 > 0, H208 <= 0.15), "Slightly Undervalued", IF(AND(H208 > 0.15, H208 <= 0.5), "Pretty Undervalued", IF(AND(H208 > 0.5, H208 <= 1), "Extremely Undervalued", ""))))))) -> Slightly Undervalued | J208: =IF(W208=$G$1,"M",IF(AND(U208="Drafted",W208<>$G$1),"Y","")) | M208: =IFERROR(INDEX(PlayerSummaryTable[Rushing Yds],MATCH('Rankings Master'!D208,PlayerSummaryTable[Player],0)),"") | N208: =IFERROR(INDEX(PlayerSummaryTable[Receiving Yds],MATCH('Rankings Master'!D208,PlayerSummaryTable[Player],0)),"") | O208: =IFERROR(INDEX(PlayerSummaryTable[Passing Yds],MATCH('Rankings Master'!D208,PlayerSummaryTable[Player],0)),"") | U208: =IF(COUNTIF('Draft Log'!$B$2:$B$301,D208)>0,"DRAFTED","") | V208: =IFERROR(INDEX('Draft Log'!$A$2:$A$301,MATCH(D208,'Draft Log'!$B$2:$B$301,0)),"") | W208: =IFERROR(INDEX('Draft Log'!$C$2:$C$301,MATCH(D208,'Draft Log'!$B$2:$B$301,0)),"")
A209: =A208+1 -> 206 | D209: =IF($D$1="ESPN",INDEX(Table2[Mapped Name],MATCH('Rankings Master'!$A209,Table2[Overall Rank],0)),IF('Rankings Master'!$D$1="NFL.com",INDEX(Table3[Name Clean],MATCH('Rankings Master'!$A209,Table3[Rank],0)),IF('Rankings Master'!$D$1="Sleeper",INDEX(Sleeper!$B$2:$B$201,MATCH('Rankings Master'!$A209,Sleeper!$A$2:$A$201,0)),"Need platform"))) -> Pat Freiermuth | E209: =IF($D$1="ESPN",INDEX(Table2[Position],MATCH('Rankings Master'!$A209,Table2[Overall Rank],0)),IF('Rankings Master'!$D$1="NFL.com",INDEX(Table3[Position],MATCH('Rankings Master'!$A209,Table3[Rank],0)),INDEX(Sleeper!$C$2:$C$201,MATCH('Rankings Master'!A209,Sleeper!$A$2:$A$201,0)))) -> TE | F209: =INDEX(Table4[RK],MATCH('Rankings Master'!D209,Table4[PLAYER NAME],0)) -> 216 | G209: =A209-F209 -> -10 | H209: =G209/F209 -> -0.046296296 | I209: =IF(AND(H209 > -1, H209 <= -0.5), "Extremely Overvalued", IF(AND(H209 > -0.5, H209 <= -0.15), "Pretty Overvalued", IF(AND(H209 > -0.15, H209 < 0), "Slightly Overvalued", IF(H209 = 0, "At ADP", IF(AND(H209 > 0, H209 <= 0.15), "Slightly Undervalued", IF(AND(H209 > 0.15, H209 <= 0.5), "Pretty Undervalued", IF(AND(H209 > 0.5, H209 <= 1), "Extremely Undervalued", ""))))))) -> Slightly Overvalued | J209: =IF(W209=$G$1,"M",IF(AND(U209="Drafted",W209<>$G$1),"Y","")) | M209: =IFERROR(INDEX(PlayerSummaryTable[Rushing Yds],MATCH('Rankings Master'!D209,PlayerSummaryTable[Player],0)),"") | N209: =IFERROR(INDEX(PlayerSummaryTable[Receiving Yds],MATCH('Rankings Master'!D209,PlayerSummaryTable[Player],0)),"") | O209: =IFERROR(INDEX(PlayerSummaryTable[Passing Yds],MATCH('Rankings Master'!D209,PlayerSummaryTable[Player],0)),"") | U209: =IF(COUNTIF('Draft Log'!$B$2:$B$301,D209)>0,"DRAFTED","") | V209: =IFERROR(INDEX('Draft Log'!$A$2:$A$301,MATCH(D209,'Draft Log'!$B$2:$B$301,0)),"") | W209: =IFERROR(INDEX('Draft Log'!$C$2:$C$301,MATCH(D209,'Draft Log'!$B$2:$B$301,0)),"")
A210: =A209+1 -> 207 | D210: =IF($D$1="ESPN",INDEX(Table2[Mapped Name],MATCH('Rankings Master'!$A210,Table2[Overall Rank],0)),IF('Rankings Master'!$D$1="NFL.com",INDEX(Table3[Name Clean],MATCH('Rankings Master'!$A210,Table3[Rank],0)),IF('Rankings Master'!$D$1="Sleeper",INDEX(Sleeper!$B$2:$B$201,MATCH('Rankings Master'!$A210,Sleeper!$A$2:$A$201,0)),"Need platform"))) -> Dalton Schultz | E210: =IF($D$1="ESPN",INDEX(Table2[Position],MATCH('Rankings Master'!$A210,Table2[Overall Rank],0)),IF('Rankings Master'!$D$1="NFL.com",INDEX(Table3[Position],MATCH('Rankings Master'!$A210,Table3[Rank],0)),INDEX(Sleeper!$C$2:$C$201,MATCH('Rankings Master'!A210,Sleeper!$A$2:$A$201,0)))) -> TE | F210: =INDEX(Table4[RK],MATCH('Rankings Master'!D210,Table4[PLAYER NAME],0)) -> 171 | G210: =A210-F210 -> 36 | H210: =G210/F210 -> 0.21052632 | I210: =IF(AND(H210 > -1, H210 <= -0.5), "Extremely Overvalued", IF(AND(H210 > -0.5, H210 <= -0.15), "Pretty Overvalued", IF(AND(H210 > -0.15, H210 < 0), "Slightly Overvalued", IF(H210 = 0, "At ADP", IF(AND(H210 > 0, H210 <= 0.15), "Slightly Undervalued", IF(AND(H210 > 0.15, H210 <= 0.5), "Pretty Undervalued", IF(AND(H210 > 0.5, H210 <= 1), "Extremely Undervalued", ""))))))) -> Pretty Undervalued | J210: =IF(W210=$G$1,"M",IF(AND(U210="Drafted",W210<>$G$1),"Y","")) | M210: =IFERROR(INDEX(PlayerSummaryTable[Rushing Yds],MATCH('Rankings Master'!D210,PlayerSummaryTable[Player],0)),"") | N210: =IFERROR(INDEX(PlayerSummaryTable[Receiving Yds],MATCH('Rankings Master'!D210,PlayerSummaryTable[Player],0)),"") | O210: =IFERROR(INDEX(PlayerSummaryTable[Passing Yds],MATCH('Rankings Master'!D210,PlayerSummaryTable[Player],0)),"") | U210: =IF(COUNTIF('Draft Log'!$B$2:$B$301,D210)>0,"DRAFTED","") | V210: =IFERROR(INDEX('Draft Log'!$A$2:$A$301,MATCH(D210,'Draft Log'!$B$2:$B$301,0)),"") | W210: =IFERROR(INDEX('Draft Log'!$C$2:$C$301,MATCH(D210,'Draft Log'!$B$2:$B$301,0)),"")
A211: =A210+1 -> 208 | D211: =IF($D$1="ESPN",INDEX(Table2[Mapped Name],MATCH('Rankings Master'!$A211,Table2[Overall Rank],0)),IF('Rankings Master'!$D$1="NFL.com",INDEX(Table3[Name Clean],MATCH('Rankings Master'!$A211,Table3[Rank],0)),IF('Rankings Master'!$D$1="Sleeper",INDEX(Sleeper!$B$2:$B$201,MATCH('Rankings Master'!$A211,Sleeper!$A$2:$A$201,0)),"Need platform"))) -> Zachariah Branch | E211: =IF($D$1="ESPN",INDEX(Table2[Position],MATCH('Rankings Master'!$A211,Table2[Overall Rank],0)),IF('Rankings Master'!$D$1="NFL.com",INDEX(Table3[Position],MATCH('Rankings Master'!$A211,Table3[Rank],0)),INDEX(Sleeper!$C$2:$C$201,MATCH('Rankings Master'!A211,Sleeper!$A$2:$A$201,0)))) -> WR | F211: =INDEX(Table4[RK],MATCH('Rankings Master'!D211,Table4[PLAYER NAME],0)) -> 231 | G211: =A211-F211 -> -23 | H211: =G211/F211 -> -0.0995671 | I211: =IF(AND(H211 > -1, H211 <= -0.5), "Extremely Overvalued", IF(AND(H211 > -0.5, H211 <= -0.15), "Pretty Overvalued", IF(AND(H211 > -0.15, H211 < 0), "Slightly Overvalued", IF(H211 = 0, "At ADP", IF(AND(H211 > 0, H211 <= 0.15), "Slightly Undervalued", IF(AND(H211 > 0.15, H211 <= 0.5), "Pretty Undervalued", IF(AND(H211 > 0.5, H211 <= 1), "Extremely Undervalued", ""))))))) -> Slightly Overvalued | J211: =IF(W211=$G$1,"M",IF(AND(U211="Drafted",W211<>$G$1),"Y","")) | M211: =IFERROR(INDEX(PlayerSummaryTable[Rushing Yds],MATCH('Rankings Master'!D211,PlayerSummaryTable[Player],0)),"") | N211: =IFERROR(INDEX(PlayerSummaryTable[Receiving Yds],MATCH('Rankings Master'!D211,PlayerSummaryTable[Player],0)),"") | O211: =IFERROR(INDEX(PlayerSummaryTable[Passing Yds],MATCH('Rankings Master'!D211,PlayerSummaryTable[Player],0)),"") | U211: =IF(COUNTIF('Draft Log'!$B$2:$B$301,D211)>0,"DRAFTED","") | V211: =IFERROR(INDEX('Draft Log'!$A$2:$A$301,MATCH(D211,'Draft Log'!$B$2:$B$301,0)),"") | W211: =IFERROR(INDEX('Draft Log'!$C$2:$C$301,MATCH(D211,'Draft Log'!$B$2:$B$301,0)),"")
A212: =A211+1 -> 209 | D212: =IF($D$1="ESPN",INDEX(Table2[Mapped Name],MATCH('Rankings Master'!$A212,Table2[Overall Rank],0)),IF('Rankings Master'!$D$1="NFL.com",INDEX(Table3[Name Clean],MATCH('Rankings Master'!$A212,Table3[Rank],0)),IF('Rankings Master'!$D$1="Sleeper",INDEX(Sleeper!$B$2:$B$201,MATCH('Rankings Master'!$A212,Sleeper!$A$2:$A$201,0)),"Need platform"))) -> Omar Cooper Jr. | E212: =IF($D$1="ESPN",INDEX(Table2[Position],MATCH('Rankings Master'!$A212,Table2[Overall Rank],0)),IF('Rankings Master'!$D$1="NFL.com",INDEX(Table3[Position],MATCH('Rankings Master'!$A212,Table3[Rank],0)),INDEX(Sleeper!$C$2:$C$201,MATCH('Rankings Master'!A212,Sleeper!$A$2:$A$201,0)))) -> WR | F212: =INDEX(Table4[RK],MATCH('Rankings Master'!D212,Table4[PLAYER NAME],0)) -> 178 | G212: =A212-F212 -> 31 | H212: =G212/F212 -> 0.1741573 | I212: =IF(AND(H212 > -1, H212 <= -0.5), "Extremely Overvalued", IF(AND(H212 > -0.5, H212 <= -0.15), "Pretty Overvalued", IF(AND(H212 > -0.15, H212 < 0), "Slightly Overvalued", IF(H212 = 0, "At ADP", IF(AND(H212 > 0, H212 <= 0.15), "Slightly Undervalued", IF(AND(H212 > 0.15, H212 <= 0.5), "Pretty Undervalued", IF(AND(H212 > 0.5, H212 <= 1), "Extremely Undervalued", ""))))))) -> Pretty Undervalued | J212: =IF(W212=$G$1,"M",IF(AND(U212="Drafted",W212<>$G$1),"Y","")) | M212: =IFERROR(INDEX(PlayerSummaryTable[Rushing Yds],MATCH('Rankings Master'!D212,PlayerSummaryTable[Player],0)),"") | N212: =IFERROR(INDEX(PlayerSummaryTable[Receiving Yds],MATCH('Rankings Master'!D212,PlayerSummaryTable[Player],0)),"") | O212: =IFERROR(INDEX(PlayerSummaryTable[Passing Yds],MATCH('Rankings Master'!D212,PlayerSummaryTable[Player],0)),"") | U212: =IF(COUNTIF('Draft Log'!$B$2:$B$301,D212)>0,"DRAFTED","") | V212: =IFERROR(INDEX('Draft Log'!$A$2:$A$301,MATCH(D212,'Draft Log'!$B$2:$B$301,0)),"") | W212: =IFERROR(INDEX('Draft Log'!$C$2:$C$301,MATCH(D212,'Draft Log'!$B$2:$B$301,0)),"")
A213: =A212+1 -> 210 | D213: =IF($D$1="ESPN",INDEX(Table2[Mapped Name],MATCH('Rankings Master'!$A213,Table2[Overall Rank],0)),IF('Rankings Master'!$D$1="NFL.com",INDEX(Table3[Name Clean],MATCH('Rankings Master'!$A213,Table3[Rank],0)),IF('Rankings Master'!$D$1="Sleeper",INDEX(Sleeper!$B$2:$B$201,MATCH('Rankings Master'!$A213,Sleeper!$A$2:$A$201,0)),"Need platform"))) -> Kayshon Boutte | E213: =IF($D$1="ESPN",INDEX(Table2[Position],MATCH('Rankings Master'!$A213,Table2[Overall Rank],0)),IF('Rankings Master'!$D$1="NFL.com",INDEX(Table3[Position],MATCH('Rankings Master'!$A213,Table3[Rank],0)),INDEX(Sleeper!$C$2:$C$201,MATCH('Rankings Master'!A213,Sleeper!$A$2:$A$201,0)))) -> WR | F213: =INDEX(Table4[RK],MATCH('Rankings Master'!D213,Table4[PLAYER NAME],0)) -> 156 | G213: =A213-F213 -> 54 | H213: =G213/F213 -> 0.34615385 | I213: =IF(AND(H213 > -1, H213 <= -0.5), "Extremely Overvalued", IF(AND(H213 > -0.5, H213 <= -0.15), "Pretty Overvalued", IF(AND(H213 > -0.15, H213 < 0), "Slightly Overvalued", IF(H213 = 0, "At ADP", IF(AND(H213 > 0, H213 <= 0.15), "Slightly Undervalued", IF(AND(H213 > 0.15, H213 <= 0.5), "Pretty Undervalued", IF(AND(H213 > 0.5, H213 <= 1), "Extremely Undervalued", ""))))))) -> Pretty Undervalued | J213: =IF(W213=$G$1,"M",IF(AND(U213="Drafted",W213<>$G$1),"Y","")) | M213: =IFERROR(INDEX(PlayerSummaryTable[Rushing Yds],MATCH('Rankings Master'!D213,PlayerSummaryTable[Player],0)),"") | N213: =IFERROR(INDEX(PlayerSummaryTable[Receiving Yds],MATCH('Rankings Master'!D213,PlayerSummaryTable[Player],0)),"") | O213: =IFERROR(INDEX(PlayerSummaryTable[Passing Yds],MATCH('Rankings Master'!D213,PlayerSummaryTable[Player],0)),"") | U213: =IF(COUNTIF('Draft Log'!$B$2:$B$301,D213)>0,"DRAFTED","") | V213: =IFERROR(INDEX('Draft Log'!$A$2:$A$301,MATCH(D213,'Draft Log'!$B$2:$B$301,0)),"") | W213: =IFERROR(INDEX('Draft Log'!$C$2:$C$301,MATCH(D213,'Draft Log'!$B$2:$B$301,0)),"")
A214: =A213+1 -> 211 | D214: =IF($D$1="ESPN",INDEX(Table2[Mapped Name],MATCH('Rankings Master'!$A214,Table2[Overall Rank],0)),IF('Rankings Master'!$D$1="NFL.com",INDEX(Table3[Name Clean],MATCH('Rankings Master'!$A214,Table3[Rank],0)),IF('Rankings Master'!$D$1="Sleeper",INDEX(Sleeper!$B$2:$B$201,MATCH('Rankings Master'!$A214,Sleeper!$A$2:$A$201,0)),"Need platform"))) -> Malik Washington | E214: =IF($D$1="ESPN",INDEX(Table2[Position],MATCH('Rankings Master'!$A214,Table2[Overall Rank],0)),IF('Rankings Master'!$D$1="NFL.com",INDEX(Table3[Position],MATCH('Rankings Master'!$A214,Table3[Rank],0)),INDEX(Sleeper!$C$2:$C$201,MATCH('Rankings Master'!A214,Sleeper!$A$2:$A$201,0)))) -> WR | F214: =INDEX(Table4[RK],MATCH('Rankings Master'!D214,Table4[PLAYER NAME],0)) -> 196 | G214: =A214-F214 -> 15 | H214: =G214/F214 -> 0.076530612 | I214: =IF(AND(H214 > -1, H214 <= -0.5), "Extremely Overvalued", IF(AND(H214 > -0.5, H214 <= -0.15), "Pretty Overvalued", IF(AND(H214 > -0.15, H214 < 0), "Slightly Overvalued", IF(H214 = 0, "At ADP", IF(AND(H214 > 0, H214 <= 0.15), "Slightly Undervalued", IF(AND(H214 > 0.15, H214 <= 0.5), "Pretty Undervalued", IF(AND(H214 > 0.5, H214 <= 1), "Extremely Undervalued", ""))))))) -> Slightly Undervalued | J214: =IF(W214=$G$1,"M",IF(AND(U214="Drafted",W214<>$G$1),"Y","")) -> Y | M214: =IFERROR(INDEX(PlayerSummaryTable[Rushing Yds],MATCH('Rankings Master'!D214,PlayerSummaryTable[Player],0)),"") | N214: =IFERROR(INDEX(PlayerSummaryTable[Receiving Yds],MATCH('Rankings Master'!D214,PlayerSummaryTable[Player],0)),"") | O214: =IFERROR(INDEX(PlayerSummaryTable[Passing Yds],MATCH('Rankings Master'!D214,PlayerSummaryTable[Player],0)),"") | U214: =IF(COUNTIF('Draft Log'!$B$2:$B$301,D214)>0,"DRAFTED","") -> DRAFTED | V214: =IFERROR(INDEX('Draft Log'!$A$2:$A$301,MATCH(D214,'Draft Log'!$B$2:$B$301,0)),"") -> 129 | W214: =IFERROR(INDEX('Draft Log'!$C$2:$C$301,MATCH(D214,'Draft Log'!$B$2:$B$301,0)),"") -> The Good, Bad and Ugly
A215: =A214+1 -> 212 | D215: =IF($D$1="ESPN",INDEX(Table2[Mapped Name],MATCH('Rankings Master'!$A215,Table2[Overall Rank],0)),IF('Rankings Master'!$D$1="NFL.com",INDEX(Table3[Name Clean],MATCH('Rankings Master'!$A215,Table3[Rank],0)),IF('Rankings Master'!$D$1="Sleeper",INDEX(Sleeper!$B$2:$B$201,MATCH('Rankings Master'!$A215,Sleeper!$A$2:$A$201,0)),"Need platform"))) -> Kimani Vidal | E215: =IF($D$1="ESPN",INDEX(Table2[Position],MATCH('Rankings Master'!$A215,Table2[Overall Rank],0)),IF('Rankings Master'!$D$1="NFL.com",INDEX(Table3[Position],MATCH('Rankings Master'!$A215,Table3[Rank],0)),INDEX(Sleeper!$C$2:$C$201,MATCH('Rankings Master'!A215,Sleeper!$A$2:$A$201,0)))) -> RB | F215: =INDEX(Table4[RK],MATCH('Rankings Master'!D215,Table4[PLAYER NAME],0)) -> 187 | G215: =A215-F215 -> 25 | H215: =G215/F215 -> 0.13368984 | I215: =IF(AND(H215 > -1, H215 <= -0.5), "Extremely Overvalued", IF(AND(H215 > -0.5, H215 <= -0.15), "Pretty Overvalued", IF(AND(H215 > -0.15, H215 < 0), "Slightly Overvalued", IF(H215 = 0, "At ADP", IF(AND(H215 > 0, H215 <= 0.15), "Slightly Undervalued", IF(AND(H215 > 0.15, H215 <= 0.5), "Pretty Undervalued", IF(AND(H215 > 0.5, H215 <= 1), "Extremely Undervalued", ""))))))) -> Slightly Undervalued | J215: =IF(W215=$G$1,"M",IF(AND(U215="Drafted",W215<>$G$1),"Y","")) | M215: =IFERROR(INDEX(PlayerSummaryTable[Rushing Yds],MATCH('Rankings Master'!D215,PlayerSummaryTable[Player],0)),"") | N215: =IFERROR(INDEX(PlayerSummaryTable[Receiving Yds],MATCH('Rankings Master'!D215,PlayerSummaryTable[Player],0)),"") | O215: =IFERROR(INDEX(PlayerSummaryTable[Passing Yds],MATCH('Rankings Master'!D215,PlayerSummaryTable[Player],0)),"") | U215: =IF(COUNTIF('Draft Log'!$B$2:$B$301,D215)>0,"DRAFTED","") | V215: =IFERROR(INDEX('Draft Log'!$A$2:$A$301,MATCH(D215,'Draft Log'!$B$2:$B$301,0)),"") | W215: =IFERROR(INDEX('Draft Log'!$C$2:$C$301,MATCH(D215,'Draft Log'!$B$2:$B$301,0)),"")
... A402: =A401+1 -> 399 | D402: =IF($D$1="ESPN",INDEX(Table2[Mapped Name],MATCH('Rankings Master'!$A402,Table2[Overall Rank],0)),IF('Rankings Master'!$D$1="NFL.com",INDEX(Table3[Name Clean],MATCH('Rankings Master'!$A402,Table3[Rank],0)),IF('Rankings Master'!$D$1="Sleeper",INDEX(Sleeper!$B$2:$B$201,MATCH('Rankings Master'!$A402,Sleeper!$A$2:$A$201,0)),"Need platform"))) -> #N/A | E402: =IF($D$1="ESPN",INDEX(Table2[Position],MATCH('Rankings Master'!$A402,Table2[Overall Rank],0)),IF('Rankings Master'!$D$1="NFL.com",INDEX(Table3[Position],MATCH('Rankings Master'!$A402,Table3[Rank],0)),INDEX(Sleeper!$C$2:$C$201,MATCH('Rankings Master'!A402,Sleeper!$A$2:$A$201,0)))) -> #N/A | F402: =INDEX(Table4[RK],MATCH('Rankings Master'!D402,Table4[PLAYER NAME],0)) -> #N/A | G402: =A402-F402 -> #N/A | H402: =G402/F402 -> #N/A | I402: =IF(AND(H402 > -1, H402 <= -0.5), "Extremely Overvalued", IF(AND(H402 > -0.5, H402 <= -0.15), "Pretty Overvalued", IF(AND(H402 > -0.15, H402 < 0), "Slightly Overvalued", IF(H402 = 0, "At ADP", IF(AND(H402 > 0, H402 <= 0.15), "Slightly Undervalued", IF(AND(H402 > 0.15, H402 <= 0.5), "Pretty Undervalued", IF(AND(H402 > 0.5, H402 <= 1), "Extremely Undervalued", ""))))))) -> #N/A | J402: =IF(W402=$G$1,"M",IF(AND(U402="Drafted",W402<>$G$1),"Y","")) | M402: =IFERROR(INDEX(PlayerSummaryTable[Rushing Yds],MATCH('Rankings Master'!D402,PlayerSummaryTable[Player],0)),"") | N402: =IFERROR(INDEX(PlayerSummaryTable[Receiving Yds],MATCH('Rankings Master'!D402,PlayerSummaryTable[Player],0)),"") | O402: =IFERROR(INDEX(PlayerSummaryTable[Passing Yds],MATCH('Rankings Master'!D402,PlayerSummaryTable[Player],0)),"") | U402: =IF(COUNTIF('Draft Log'!$B$2:$B$301,D402)>0,"DRAFTED","") | V402: =IFERROR(INDEX('Draft Log'!$A$2:$A$301,MATCH(D402,'Draft Log'!$B$2:$B$301,0)),"") | W402: =IFERROR(INDEX('Draft Log'!$C$2:$C$301,MATCH(D402,'Draft Log'!$B$2:$B$301,0)),"")

Sheet NFL.com Rankings
A1: Rank | B1: Player | C1: Last | D1: First Last | E1: Position | F1: Fantasy Pros Rank | G1: Difference | H1: % Difference | I1: Rating | J1: Picked? | K1: Position | L1: Code | M1: Rushing Yards Prop | Q1: Code | R1: Team | S1: Player
A2: 1 | B2: Christian | C2: McCaffrey | D2: Ja'Marr Chase | E2: =INDEX('NFL.com rankings drop'!$E$2:$E$201,MATCH('NFL.com Rankings'!D2,'NFL.com rankings drop'!$D$2:$D$201,0)) -> WR | F2: =INDEX('Fantasy Pros Standard Rankings'!$A$2:$A$561,MATCH('NFL.com Rankings'!D2,'Fantasy Pros Standard Rankings'!$B$2:$B$561,0)) -> 2 | G2: =A2-F2 -> -1 | H2: =G2/F2 -> -0.5 | I2: =IF(AND(H2 > -1, H2 <= -0.5), "Extremely Overvalued", IF(AND(H2 > -0.5, H2 <= -0.15), "Pretty Overvalued", IF(AND(H2 > -0.15, H2 < 0), "Slightly Overvalued", IF(H2 = 0, "At ADP", IF(AND(H2 > 0, H2 <= 0.15), "Slightly Undervalued", IF(AND(H2 > 0.15, H2 <= 0.5), "Pretty Undervalued", IF(AND(H2 > 0.5, H2 <= 1), "Extremely Undervalued", ""))))))) -> Extremely Overvalued | K2: =IF(E2="QB",1,IF(E2="RB",2,IF(E2="WR",3,IF(E2="TE",4,IF(E2="K",5,"Check"))))) -> 3 | L2: =IF(J2="M",COUNTIFS($J$2:J2,"M",$E$2:E2,"RB")&" - "&K2,"N/A") -> N/A | M2: 1100.5 | N2: 500.5 | Q2: ="1 - 1" -> 1 - 1 | R2: QB1 | S2: =IFERROR(INDEX($D$2:$D$201,MATCH(Q2,$L$2:$L$201,0)),"")
A3: 2 | B3: CeeDee | C3: Lamb | D3: CeeDee Lamb | E3: =INDEX('NFL.com rankings drop'!$E$2:$E$201,MATCH('NFL.com Rankings'!D3,'NFL.com rankings drop'!$D$2:$D$201,0)) -> WR | F3: =INDEX('Fantasy Pros Standard Rankings'!$A$2:$A$561,MATCH('NFL.com Rankings'!D3,'Fantasy Pros Standard Rankings'!$B$2:$B$561,0)) -> 10 | G3: =A3-F3 -> -8 | H3: =G3/F3 -> -0.8 | I3: =IF(AND(H3 > -1, H3 <= -0.5), "Extremely Overvalued", IF(AND(H3 > -0.5, H3 <= -0.15), "Pretty Overvalued", IF(AND(H3 > -0.15, H3 < 0), "Slightly Overvalued", IF(H3 = 0, "At ADP", IF(AND(H3 > 0, H3 <= 0.15), "Slightly Undervalued", IF(AND(H3 > 0.15, H3 <= 0.5), "Pretty Undervalued", IF(AND(H3 > 0.5, H3 <= 1), "Extremely Undervalued", ""))))))) -> Extremely Overvalued | K3: =IF(E3="QB",1,IF(E3="RB",2,IF(E3="WR",3,IF(E3="TE",4,IF(E3="K",5,"Check"))))) -> 3 | L3: =IF(J3="M",COUNTIFS($J$1:J3,"M",$E$1:E3,"WR")&" - "&K3,"N/A") -> N/A | N3: 1325.5 | Q3: ="2 - 1" -> 2 - 1 | R3: QB2 | S3: =IFERROR(INDEX($D$2:$D$196,MATCH(Q3,$L$2:$L$196,0)),"")
A4: 3 | B4: Tyreek | C4: Hill | D4: Justin Jefferson | E4: =INDEX('NFL.com rankings drop'!$E$2:$E$201,MATCH('NFL.com Rankings'!D4,'NFL.com rankings drop'!$D$2:$D$201,0)) -> WR | F4: =INDEX('Fantasy Pros Standard Rankings'!$A$2:$A$561,MATCH('NFL.com Rankings'!D4,'Fantasy Pros Standard Rankings'!$B$2:$B$561,0)) -> 11 | G4: =A4-F4 -> -8 | H4: =G4/F4 -> -0.72727273 | I4: =IF(AND(H4 > -1, H4 <= -0.5), "Extremely Overvalued", IF(AND(H4 > -0.5, H4 <= -0.15), "Pretty Overvalued", IF(AND(H4 > -0.15, H4 < 0), "Slightly Overvalued", IF(H4 = 0, "At ADP", IF(AND(H4 > 0, H4 <= 0.15), "Slightly Undervalued", IF(AND(H4 > 0.15, H4 <= 0.5), "Pretty Undervalued", IF(AND(H4 > 0.5, H4 <= 1), "Extremely Undervalued", ""))))))) -> Extremely Overvalued | K4: =IF(E4="QB",1,IF(E4="RB",2,IF(E4="WR",3,IF(E4="TE",4,IF(E4="K",5,"Check"))))) -> 3 | L4: =IF(J4="M",COUNTIFS($J$1:J4,"M",$E$1:E4,"WR")&" - "&K4,"N/A") -> N/A | Q4: ="3 - 1" -> 3 - 1 | R4: QB3 | S4: =IFERROR(INDEX($D$2:$D$196,MATCH(Q4,$L$2:$L$196,0)),"")
A5: 4 | B5: Ja'Marr | C5: Chase | D5: Bijan Robinson | E5: =INDEX('NFL.com rankings drop'!$E$2:$E$201,MATCH('NFL.com Rankings'!D5,'NFL.com rankings drop'!$D$2:$D$201,0)) -> RB | F5: =INDEX('Fantasy Pros Standard Rankings'!$A$2:$A$561,MATCH('NFL.com Rankings'!D5,'Fantasy Pros Standard Rankings'!$B$2:$B$561,0)) -> 3 | G5: =A5-F5 -> 1 | H5: =G5/F5 -> 0.33333333 | I5: =IF(AND(H5 > -1, H5 <= -0.5), "Extremely Overvalued", IF(AND(H5 > -0.5, H5 <= -0.15), "Pretty Overvalued", IF(AND(H5 > -0.15, H5 < 0), "Slightly Overvalued", IF(H5 = 0, "At ADP", IF(AND(H5 > 0, H5 <= 0.15), "Slightly Undervalued", IF(AND(H5 > 0.15, H5 <= 0.5), "Pretty Undervalued", IF(AND(H5 > 0.5, H5 <= 1), "Extremely Undervalued", ""))))))) -> Pretty Undervalued | K5: =IF(E5="QB",1,IF(E5="RB",2,IF(E5="WR",3,IF(E5="TE",4,IF(E5="K",5,"Check"))))) -> 2 | L5: =IF(J5="M",COUNTIFS($J$1:J5,"M",$E$1:E5,"WR")&" - "&K5,"N/A") -> N/A | N5: 1250.5 | Q5: ="1 - 2" -> 1 - 2 | R5: RB1 | S5: =IFERROR(INDEX($D$2:$D$196,MATCH(Q5,$L$2:$L$196,0)),"")
A6: 5 | B6: Amon-Ra | C6: St. Brown | D6: Saquon Barkley | E6: =INDEX('NFL.com rankings drop'!$E$2:$E$201,MATCH('NFL.com Rankings'!D6,'NFL.com rankings drop'!$D$2:$D$201,0)) -> RB | F6: =INDEX('Fantasy Pros Standard Rankings'!$A$2:$A$561,MATCH('NFL.com Rankings'!D6,'Fantasy Pros Standard Rankings'!$B$2:$B$561,0)) -> 15 | G6: =A6-F6 -> -10 | H6: =G6/F6 -> -0.66666667 | I6: =IF(AND(H6 > -1, H6 <= -0.5), "Extremely Overvalued", IF(AND(H6 > -0.5, H6 <= -0.15), "Pretty Overvalued", IF(AND(H6 > -0.15, H6 < 0), "Slightly Overvalued", IF(H6 = 0, "At ADP", IF(AND(H6 > 0, H6 <= 0.15), "Slightly Undervalued", IF(AND(H6 > 0.15, H6 <= 0.5), "Pretty Undervalued", IF(AND(H6 > 0.5, H6 <= 1), "Extremely Undervalued", ""))))))) -> Extremely Overvalued | K6: =IF(E6="QB",1,IF(E6="RB",2,IF(E6="WR",3,IF(E6="TE",4,IF(E6="K",5,"Check"))))) -> 2 | L6: =IF(J6="M",COUNTIFS($J$1:J6,"M",$E$1:E6,"WR")&" - "&K6,"N/A") -> N/A | N6: 1250.5 | Q6: ="2 - 2" -> 2 - 2 | R6: RB2 | S6: =IFERROR(INDEX($D$2:$D$196,MATCH(Q6,$L$2:$L$196,0)),"")
A7: 6 | B7: Justin | C7: Jefferson | D7: Jahmyr Gibbs | E7: =INDEX('NFL.com rankings drop'!$E$2:$E$201,MATCH('NFL.com Rankings'!D7,'NFL.com rankings drop'!$D$2:$D$201,0)) -> RB | F7: =INDEX('Fantasy Pros Standard Rankings'!$A$2:$A$561,MATCH('NFL.com Rankings'!D7,'Fantasy Pros Standard Rankings'!$B$2:$B$561,0)) -> 1 | G7: =A7-F7 -> 5 | H7: =G7/F7 -> 5 | I7: =IF(AND(H7 > -1, H7 <= -0.5), "Extremely Overvalued", IF(AND(H7 > -0.5, H7 <= -0.15), "Pretty Overvalued", IF(AND(H7 > -0.15, H7 < 0), "Slightly Overvalued", IF(H7 = 0, "At ADP", IF(AND(H7 > 0, H7 <= 0.15), "Slightly Undervalued", IF(AND(H7 > 0.15, H7 <= 0.5), "Pretty Undervalued", IF(AND(H7 > 0.5, H7 <= 1), "Extremely Undervalued", ""))))))) | K7: =IF(E7="QB",1,IF(E7="RB",2,IF(E7="WR",3,IF(E7="TE",4,IF(E7="K",5,"Check"))))) -> 2 | L7: =IF(J7="M",COUNTIFS($J$1:J7,"M",$E$1:E7,"WR")&" - "&K7,"N/A") -> N/A | N7: 1300.5 | Q7: ="3 - 2" -> 3 - 2 | R7: RB3 | S7: =IFERROR(INDEX($D$2:$D$196,MATCH(Q7,$L$2:$L$196,0)),"")
A8: 7 | B8: Breece | C8: Hall | D8: Puka Nacua | E8: =INDEX('NFL.com rankings drop'!$E$2:$E$201,MATCH('NFL.com Rankings'!D8,'NFL.com rankings drop'!$D$2:$D$201,0)) -> WR | F8: =INDEX('Fantasy Pros Standard Rankings'!$A$2:$A$561,MATCH('NFL.com Rankings'!D8,'Fantasy Pros Standard Rankings'!$B$2:$B$561,0)) -> 4 | G8: =A8-F8 -> 3 | H8: =G8/F8 -> 0.75 | I8: =IF(AND(H8 > -1, H8 <= -0.5), "Extremely Overvalued", IF(AND(H8 > -0.5, H8 <= -0.15), "Pretty Overvalued", IF(AND(H8 > -0.15, H8 < 0), "Slightly Overvalued", IF(H8 = 0, "At ADP", IF(AND(H8 > 0, H8 <= 0.15), "Slightly Undervalued", IF(AND(H8 > 0.15, H8 <= 0.5), "Pretty Undervalued", IF(AND(H8 > 0.5, H8 <= 1), "Extremely Undervalued", ""))))))) -> Extremely Undervalued | K8: =IF(E8="QB",1,IF(E8="RB",2,IF(E8="WR",3,IF(E8="TE",4,IF(E8="K",5,"Check"))))) -> 3 | L8: =IF(J8="M",COUNTIFS($J$2:J8,"M",$E$2:E8,"RB")&" - "&K8,"N/A") -> N/A | M8: 1025.5 | Q8: ="4 - 2" -> 4 - 2 | R8: RB4 | S8: =IFERROR(INDEX($D$2:$D$196,MATCH(Q8,$L$2:$L$196,0)),"")
A9: 8 | B9: Bijan | C9: Robinson | D9: Malik Nabers | E9: =INDEX('NFL.com rankings drop'!$E$2:$E$201,MATCH('NFL.com Rankings'!D9,'NFL.com rankings drop'!$D$2:$D$201,0)) -> WR | F9: =INDEX('Fantasy Pros Standard Rankings'!$A$2:$A$561,MATCH('NFL.com Rankings'!D9,'Fantasy Pros Standard Rankings'!$B$2:$B$561,0)) -> 26 | G9: =A9-F9 -> -18 | H9: =G9/F9 -> -0.69230769 | I9: =IF(AND(H9 > -1, H9 <= -0.5), "Extremely Overvalued", IF(AND(H9 > -0.5, H9 <= -0.15), "Pretty Overvalued", IF(AND(H9 > -0.15, H9 < 0), "Slightly Overvalued", IF(H9 = 0, "At ADP", IF(AND(H9 > 0, H9 <= 0.15), "Slightly Undervalued", IF(AND(H9 > 0.15, H9 <= 0.5), "Pretty Undervalued", IF(AND(H9 > 0.5, H9 <= 1), "Extremely Undervalued", ""))))))) -> Extremely Overvalued | K9: =IF(E9="QB",1,IF(E9="RB",2,IF(E9="WR",3,IF(E9="TE",4,IF(E9="K",5,"Check"))))) -> 3 | L9: =IF(J9="M",COUNTIFS($J$2:J9,"M",$E$2:E9,"RB")&" - "&K9,"N/A") -> N/A | M9: 1025.5 | Q9: ="5 - 2" -> 5 - 2 | R9: RB5 | S9: =IFERROR(INDEX($D$2:$D$196,MATCH(Q9,$L$2:$L$196,0)),"")
A10: 9 | B10: A.J. | C10: Brown | D10: Amon-Ra St. Brown | E10: =INDEX('NFL.com rankings drop'!$E$2:$E$201,MATCH('NFL.com Rankings'!D10,'NFL.com rankings drop'!$D$2:$D$201,0)) -> WR | F10: =INDEX('Fantasy Pros Standard Rankings'!$A$2:$A$561,MATCH('NFL.com Rankings'!D10,'Fantasy Pros Standard Rankings'!$B$2:$B$561,0)) -> 6 | G10: =A10-F10 -> 3 | H10: =G10/F10 -> 0.5 | I10: =IF(AND(H10 > -1, H10 <= -0.5), "Extremely Overvalued", IF(AND(H10 > -0.5, H10 <= -0.15), "Pretty Overvalued", IF(AND(H10 > -0.15, H10 < 0), "Slightly Overvalued", IF(H10 = 0, "At ADP", IF(AND(H10 > 0, H10 <= 0.15), "Slightly Undervalued", IF(AND(H10 > 0.15, H10 <= 0.5), "Pretty Undervalued", IF(AND(H10 > 0.5, H10 <= 1), "Extremely Undervalued", ""))))))) -> Pretty Undervalued | K10: =IF(E10="QB",1,IF(E10="RB",2,IF(E10="WR",3,IF(E10="TE",4,IF(E10="K",5,"Check"))))) -> 3 | L10: =IF(J10="M",COUNTIFS($J$1:J10,"M",$E$1:E10,"WR")&" - "&K10,"N/A") -> N/A | N10: 1225.5 | Q10: ="6 - 2" -> 6 - 2 | R10: RB6 | S10: =IFERROR(INDEX($D$2:$D$196,MATCH(Q10,$L$2:$L$196,0)),"")
A11: 10 | B11: Puka | C11: Nacua | D11: Brian Thomas Jr. | E11: =INDEX('NFL.com rankings drop'!$E$2:$E$201,MATCH('NFL.com Rankings'!D11,'NFL.com rankings drop'!$D$2:$D$201,0)) -> WR | F11: =INDEX('Fantasy Pros Standard Rankings'!$A$2:$A$561,MATCH('NFL.com Rankings'!D11,'Fantasy Pros Standard Rankings'!$B$2:$B$561,0)) -> 75 | G11: =A11-F11 -> -65 | H11: =G11/F11 -> -0.86666667 | I11: =IF(AND(H11 > -1, H11 <= -0.5), "Extremely Overvalued", IF(AND(H11 > -0.5, H11 <= -0.15), "Pretty Overvalued", IF(AND(H11 > -0.15, H11 < 0), "Slightly Overvalued", IF(H11 = 0, "At ADP", IF(AND(H11 > 0, H11 <= 0.15), "Slightly Undervalued", IF(AND(H11 > 0.15, H11 <= 0.5), "Pretty Undervalued", IF(AND(H11 > 0.5, H11 <= 1), "Extremely Undervalued", ""))))))) -> Extremely Overvalued | K11: =IF(E11="QB",1,IF(E11="RB",2,IF(E11="WR",3,IF(E11="TE",4,IF(E11="K",5,"Check"))))) -> 3 | L11: =IF(J11="M",COUNTIFS($J$1:J11,"M",$E$1:E11,"WR")&" - "&K11,"N/A") -> N/A | Q11: ="1 - 3" -> 1 - 3 | R11: WR1 | S11: =IFERROR(INDEX($D$2:$D$196,MATCH(Q11,$L$2:$L$196,0)),"")
A12: 11 | B12: Garrett | C12: Wilson | D12: De'Von Achane | E12: =INDEX('NFL.com rankings drop'!$E$2:$E$201,MATCH('NFL.com Rankings'!D12,'NFL.com rankings drop'!$D$2:$D$201,0)) -> RB | F12: =INDEX('Fantasy Pros Standard Rankings'!$A$2:$A$561,MATCH('NFL.com Rankings'!D12,'Fantasy Pros Standard Rankings'!$B$2:$B$561,0)) -> 23 | G12: =A12-F12 -> -12 | H12: =G12/F12 -> -0.52173913 | I12: =IF(AND(H12 > -1, H12 <= -0.5), "Extremely Overvalued", IF(AND(H12 > -0.5, H12 <= -0.15), "Pretty Overvalued", IF(AND(H12 > -0.15, H12 < 0), "Slightly Overvalued", IF(H12 = 0, "At ADP", IF(AND(H12 > 0, H12 <= 0.15), "Slightly Undervalued", IF(AND(H12 > 0.15, H12 <= 0.5), "Pretty Undervalued", IF(AND(H12 > 0.5, H12 <= 1), "Extremely Undervalued", ""))))))) -> Extremely Overvalued | K12: =IF(E12="QB",1,IF(E12="RB",2,IF(E12="WR",3,IF(E12="TE",4,IF(E12="K",5,"Check"))))) -> 2 | L12: =IF(J12="M",COUNTIFS($J$1:J12,"M",$E$1:E12,"WR")&" - "&K12,"N/A") -> N/A | N12: 1125.5 | Q12: ="2 - 3" -> 2 - 3 | R12: WR2 | S12: =IFERROR(INDEX($D$2:$D$196,MATCH(Q12,$L$2:$L$196,0)),"")
A13: 12 | B13: Saquon | C13: Barkley | D13: Derrick Henry | E13: =INDEX('NFL.com rankings drop'!$E$2:$E$201,MATCH('NFL.com Rankings'!D13,'NFL.com rankings drop'!$D$2:$D$201,0)) -> RB | F13: =INDEX('Fantasy Pros Standard Rankings'!$A$2:$A$561,MATCH('NFL.com Rankings'!D13,'Fantasy Pros Standard Rankings'!$B$2:$B$561,0)) -> 14 | G13: =A13-F13 -> -2 | H13: =G13/F13 -> -0.14285714 | I13: =IF(AND(H13 > -1, H13 <= -0.5), "Extremely Overvalued", IF(AND(H13 > -0.5, H13 <= -0.15), "Pretty Overvalued", IF(AND(H13 > -0.15, H13 < 0), "Slightly Overvalued", IF(H13 = 0, "At ADP", IF(AND(H13 > 0, H13 <= 0.15), "Slightly Undervalued", IF(AND(H13 > 0.15, H13 <= 0.5), "Pretty Undervalued", IF(AND(H13 > 0.5, H13 <= 1), "Extremely Undervalued", ""))))))) -> Slightly Overvalued | K13: =IF(E13="QB",1,IF(E13="RB",2,IF(E13="WR",3,IF(E13="TE",4,IF(E13="K",5,"Check"))))) -> 2 | L13: =IF(J13="M",COUNTIFS($J$2:J13,"M",$E$2:E13,"RB")&" - "&K13,"N/A") -> N/A | M13: 1000.5 | Q13: ="3 - 3" -> 3 - 3 | R13: WR3 | S13: =IFERROR(INDEX($D$2:$D$196,MATCH(Q13,$L$2:$L$196,0)),"")
A14: 13 | B14: Jonathan | C14: Taylor | D14: Ashton Jeanty | E14: =INDEX('NFL.com rankings drop'!$E$2:$E$201,MATCH('NFL.com Rankings'!D14,'NFL.com rankings drop'!$D$2:$D$201,0)) -> RB | F14: =INDEX('Fantasy Pros Standard Rankings'!$A$2:$A$561,MATCH('NFL.com Rankings'!D14,'Fantasy Pros Standard Rankings'!$B$2:$B$561,0)) -> 31 | G14: =A14-F14 -> -18 | H14: =G14/F14 -> -0.58064516 | I14: =IF(AND(H14 > -1, H14 <= -0.5), "Extremely Overvalued", IF(AND(H14 > -0.5, H14 <= -0.15), "Pretty Overvalued", IF(AND(H14 > -0.15, H14 < 0), "Slightly Overvalued", IF(H14 = 0, "At ADP", IF(AND(H14 > 0, H14 <= 0.15), "Slightly Undervalued", IF(AND(H14 > 0.15, H14 <= 0.5), "Pretty Undervalued", IF(AND(H14 > 0.5, H14 <= 1), "Extremely Undervalued", ""))))))) -> Extremely Overvalued | K14: =IF(E14="QB",1,IF(E14="RB",2,IF(E14="WR",3,IF(E14="TE",4,IF(E14="K",5,"Check"))))) -> 2 | L14: =IF(J14="M",COUNTIFS($J$2:J14,"M",$E$2:E14,"RB")&" - "&K14,"N/A") -> N/A | M14: 1050.5 | Q14: ="4 - 3" -> 4 - 3 | R14: WR4 | S14: =IFERROR(INDEX($D$2:$D$196,MATCH(Q14,$L$2:$L$196,0)),"")
A15: 14 | B15: Jahmyr | C15: Gibbs | D15: A.J. Brown | E15: =INDEX('NFL.com rankings drop'!$E$2:$E$201,MATCH('NFL.com Rankings'!D15,'NFL.com rankings drop'!$D$2:$D$201,0)) -> WR | F15: =INDEX('Fantasy Pros Standard Rankings'!$A$2:$A$561,MATCH('NFL.com Rankings'!D15,'Fantasy Pros Standard Rankings'!$B$2:$B$561,0)) -> 12 | G15: =A15-F15 -> 2 | H15: =G15/F15 -> 0.16666667 | I15: =IF(AND(H15 > -1, H15 <= -0.5), "Extremely Overvalued", IF(AND(H15 > -0.5, H15 <= -0.15), "Pretty Overvalued", IF(AND(H15 > -0.15, H15 < 0), "Slightly Overvalued", IF(H15 = 0, "At ADP", IF(AND(H15 > 0, H15 <= 0.15), "Slightly Undervalued", IF(AND(H15 > 0.15, H15 <= 0.5), "Pretty Undervalued", IF(AND(H15 > 0.5, H15 <= 1), "Extremely Undervalued", ""))))))) -> Pretty Undervalued | K15: =IF(E15="QB",1,IF(E15="RB",2,IF(E15="WR",3,IF(E15="TE",4,IF(E15="K",5,"Check"))))) -> 3 | L15: =IF(J15="M",COUNTIFS($J$2:J15,"M",$E$2:E15,"RB")&" - "&K15,"N/A") -> N/A | M15: 825.5 | Q15: ="5 - 3" -> 5 - 3 | R15: WR5 | S15: =IFERROR(INDEX($D$2:$D$196,MATCH(Q15,$L$2:$L$196,0)),"")
A16: 15 | B16: Marvin | C16: Harrison Jr. | D16: Christian McCaffrey | E16: =INDEX('NFL.com rankings drop'!$E$2:$E$201,MATCH('NFL.com Rankings'!D16,'NFL.com rankings drop'!$D$2:$D$201,0)) -> RB | F16: =INDEX('Fantasy Pros Standard Rankings'!$A$2:$A$561,MATCH('NFL.com Rankings'!D16,'Fantasy Pros Standard Rankings'!$B$2:$B$561,0)) -> 9 | G16: =A16-F16 -> 6 | H16: =G16/F16 -> 0.66666667 | I16: =IF(AND(H16 > -1, H16 <= -0.5), "Extremely Overvalued", IF(AND(H16 > -0.5, H16 <= -0.15), "Pretty Overvalued", IF(AND(H16 > -0.15, H16 < 0), "Slightly Overvalued", IF(H16 = 0, "At ADP", IF(AND(H16 > 0, H16 <= 0.15), "Slightly Undervalued", IF(AND(H16 > 0.15, H16 <= 0.5), "Pretty Undervalued", IF(AND(H16 > 0.5, H16 <= 1), "Extremely Undervalued", ""))))))) -> Extremely Undervalued | K16: =IF(E16="QB",1,IF(E16="RB",2,IF(E16="WR",3,IF(E16="TE",4,IF(E16="K",5,"Check"))))) -> 2 | L16: =IF(J16="M",COUNTIFS($J$1:J16,"M",$E$1:E16,"WR")&" - "&K16,"N/A") -> N/A | Q16: ="6 - 4" -> 6 - 4 | R16: WR6 | S16: =IFERROR(INDEX($D$2:$D$196,MATCH(Q16,$L$2:$L$196,0)),"")
A17: 16 | B17: Drake | C17: London | D17: Nico Collins | E17: =INDEX('NFL.com rankings drop'!$E$2:$E$201,MATCH('NFL.com Rankings'!D17,'NFL.com rankings drop'!$D$2:$D$201,0)) -> WR | F17: =INDEX('Fantasy Pros Standard Rankings'!$A$2:$A$561,MATCH('NFL.com Rankings'!D17,'Fantasy Pros Standard Rankings'!$B$2:$B$561,0)) -> 13 | G17: =A17-F17 -> 3 | H17: =G17/F17 -> 0.23076923 | I17: =IF(AND(H17 > -1, H17 <= -0.5), "Extremely Overvalued", IF(AND(H17 > -0.5, H17 <= -0.15), "Pretty Overvalued", IF(AND(H17 > -0.15, H17 < 0), "Slightly Overvalued", IF(H17 = 0, "At ADP", IF(AND(H17 > 0, H17 <= 0.15), "Slightly Undervalued", IF(AND(H17 > 0.15, H17 <= 0.5), "Pretty Undervalued", IF(AND(H17 > 0.5, H17 <= 1), "Extremely Undervalued", ""))))))) -> Pretty Undervalued | K17: =IF(E17="QB",1,IF(E17="RB",2,IF(E17="WR",3,IF(E17="TE",4,IF(E17="K",5,"Check"))))) -> 3 | L17: =IF(J17="M",COUNTIFS($J$1:J17,"M",$E$1:E17,"WR")&" - "&K17,"N/A") -> N/A | N17: 1050.5 | Q17: ="1 - 4" -> 1 - 4 | R17: TE1 | S17: =IFERROR(INDEX($D$2:$D$196,MATCH(Q17,$L$2:$L$196,0)),"")
A18: 17 | B18: Davante | C18: Adams | D18: Drake London | E18: =INDEX('NFL.com rankings drop'!$E$2:$E$201,MATCH('NFL.com Rankings'!D18,'NFL.com rankings drop'!$D$2:$D$201,0)) -> WR | F18: =INDEX('Fantasy Pros Standard Rankings'!$A$2:$A$561,MATCH('NFL.com Rankings'!D18,'Fantasy Pros Standard Rankings'!$B$2:$B$561,0)) -> 17 | G18: =A18-F18 -> 0 | H18: =G18/F18 -> 0 | I18: =IF(AND(H18 > -1, H18 <= -0.5), "Extremely Overvalued", IF(AND(H18 > -0.5, H18 <= -0.15), "Pretty Overvalued", IF(AND(H18 > -0.15, H18 < 0), "Slightly Overvalued", IF(H18 = 0, "At ADP", IF(AND(H18 > 0, H18 <= 0.15), "Slightly Undervalued", IF(AND(H18 > 0.15, H18 <= 0.5), "Pretty Undervalued", IF(AND(H18 > 0.5, H18 <= 1), "Extremely Undervalued", ""))))))) -> At ADP | K18: =IF(E18="QB",1,IF(E18="RB",2,IF(E18="WR",3,IF(E18="TE",4,IF(E18="K",5,"Check"))))) -> 3 | L18: =IF(J18="M",COUNTIFS($J$1:J18,"M",$E$1:E18,"WR")&" - "&K18,"N/A") -> N/A | N18: 1000.5 | Q18: ="2 - 4" -> 2 - 4 | R18: TE2 | S18: =IFERROR(INDEX($D$2:$D$196,MATCH(Q18,$L$2:$L$196,0)),"")
A19: 18 | B19: Kyren | C19: Williams | D19: Brock Bowers | E19: =INDEX('NFL.com rankings drop'!$E$2:$E$201,MATCH('NFL.com Rankings'!D19,'NFL.com rankings drop'!$D$2:$D$201,0)) -> TE | F19: =INDEX('Fantasy Pros Standard Rankings'!$A$2:$A$561,MATCH('NFL.com Rankings'!D19,'Fantasy Pros Standard Rankings'!$B$2:$B$561,0)) -> 16 | G19: =A19-F19 -> 2 | H19: =G19/F19 -> 0.125 | I19: =IF(AND(H19 > -1, H19 <= -0.5), "Extremely Overvalued", IF(AND(H19 > -0.5, H19 <= -0.15), "Pretty Overvalued", IF(AND(H19 > -0.15, H19 < 0), "Slightly Overvalued", IF(H19 = 0, "At ADP", IF(AND(H19 > 0, H19 <= 0.15), "Slightly Undervalued", IF(AND(H19 > 0.15, H19 <= 0.5), "Pretty Undervalued", IF(AND(H19 > 0.5, H19 <= 1), "Extremely Undervalued", ""))))))) -> Slightly Undervalued | K19: =IF(E19="QB",1,IF(E19="RB",2,IF(E19="WR",3,IF(E19="TE",4,IF(E19="K",5,"Check"))))) -> 4 | L19: =IF(J19="M",COUNTIFS($J$2:J19,"M",$E$2:E19,"RB")&" - "&K19,"N/A") -> N/A | M19: 925.5
A20: 19 | B20: Derrick | C20: Henry | D20: Josh Jacobs | E20: =INDEX('NFL.com rankings drop'!$E$2:$E$201,MATCH('NFL.com Rankings'!D20,'NFL.com rankings drop'!$D$2:$D$201,0)) -> RB | F20: =INDEX('Fantasy Pros Standard Rankings'!$A$2:$A$561,MATCH('NFL.com Rankings'!D20,'Fantasy Pros Standard Rankings'!$B$2:$B$561,0)) -> 144 | G20: =A20-F20 -> -125 | H20: =G20/F20 -> -0.86805556 | I20: =IF(AND(H20 > -1, H20 <= -0.5), "Extremely Overvalued", IF(AND(H20 > -0.5, H20 <= -0.15), "Pretty Overvalued", IF(AND(H20 > -0.15, H20 < 0), "Slightly Overvalued", IF(H20 = 0, "At ADP", IF(AND(H20 > 0, H20 <= 0.15), "Slightly Undervalued", IF(AND(H20 > 0.15, H20 <= 0.5), "Pretty Undervalued", IF(AND(H20 > 0.5, H20 <= 1), "Extremely Undervalued", ""))))))) -> Extremely Overvalued | K20: =IF(E20="QB",1,IF(E20="RB",2,IF(E20="WR",3,IF(E20="TE",4,IF(E20="K",5,"Check"))))) -> 2 | L20: =IF(J20="M",COUNTIFS($J$2:J20,"M",$E$2:E20,"RB")&" - "&K20,"N/A") -> N/A | M20: 950.5
A21: 20 | B21: Isiah | C21: Pacheco | D21: Ladd McConkey | E21: =INDEX('NFL.com rankings drop'!$E$2:$E$201,MATCH('NFL.com Rankings'!D21,'NFL.com rankings drop'!$D$2:$D$201,0)) -> WR | F21: =INDEX('Fantasy Pros Standard Rankings'!$A$2:$A$561,MATCH('NFL.com Rankings'!D21,'Fantasy Pros Standard Rankings'!$B$2:$B$561,0)) -> 41 | G21: =A21-F21 -> -21 | H21: =G21/F21 -> -0.51219512 | I21: =IF(AND(H21 > -1, H21 <= -0.5), "Extremely Overvalued", IF(AND(H21 > -0.5, H21 <= -0.15), "Pretty Overvalued", IF(AND(H21 > -0.15, H21 < 0), "Slightly Overvalued", IF(H21 = 0, "At ADP", IF(AND(H21 > 0, H21 <= 0.15), "Slightly Undervalued", IF(AND(H21 > 0.15, H21 <= 0.5), "Pretty Undervalued", IF(AND(H21 > 0.5, H21 <= 1), "Extremely Undervalued", ""))))))) -> Extremely Overvalued | K21: =IF(E21="QB",1,IF(E21="RB",2,IF(E21="WR",3,IF(E21="TE",4,IF(E21="K",5,"Check"))))) -> 3 | L21: =IF(J21="M",COUNTIFS($J$2:J21,"M",$E$2:E21,"RB")&" - "&K21,"N/A") -> N/A | M21: 925.5
A22: 21 | B22: Travis | C22: Etienne | D22: Jonathan Taylor | E22: =INDEX('NFL.com rankings drop'!$E$2:$E$201,MATCH('NFL.com Rankings'!D22,'NFL.com rankings drop'!$D$2:$D$201,0)) -> RB | F22: =INDEX('Fantasy Pros Standard Rankings'!$A$2:$A$561,MATCH('NFL.com Rankings'!D22,'Fantasy Pros Standard Rankings'!$B$2:$B$561,0)) -> 7 | G22: =A22-F22 -> 14 | H22: =G22/F22 -> 2 | I22: =IF(AND(H22 > -1, H22 <= -0.5), "Extremely Overvalued", IF(AND(H22 > -0.5, H22 <= -0.15), "Pretty Overvalued", IF(AND(H22 > -0.15, H22 < 0), "Slightly Overvalued", IF(H22 = 0, "At ADP", IF(AND(H22 > 0, H22 <= 0.15), "Slightly Undervalued", IF(AND(H22 > 0.15, H22 <= 0.5), "Pretty Undervalued", IF(AND(H22 > 0.5, H22 <= 1), "Extremely Undervalued", ""))))))) | K22: =IF(E22="QB",1,IF(E22="RB",2,IF(E22="WR",3,IF(E22="TE",4,IF(E22="K",5,"Check"))))) -> 2 | L22: =IF(J22="M",COUNTIFS($J$2:J22,"M",$E$2:E22,"RB")&" - "&K22,"N/A") -> N/A | M22: 925.5
A23: 22 | B23: Nico | C23: Collins | D23: Kyren Williams | E23: =INDEX('NFL.com rankings drop'!$E$2:$E$201,MATCH('NFL.com Rankings'!D23,'NFL.com rankings drop'!$D$2:$D$201,0)) -> RB | F23: =INDEX('Fantasy Pros Standard Rankings'!$A$2:$A$561,MATCH('NFL.com Rankings'!D23,'Fantasy Pros Standard Rankings'!$B$2:$B$561,0)) -> 30 | G23: =A23-F23 -> -8 | H23: =G23/F23 -> -0.26666667 | I23: =IF(AND(H23 > -1, H23 <= -0.5), "Extremely Overvalued", IF(AND(H23 > -0.5, H23 <= -0.15), "Pretty Overvalued", IF(AND(H23 > -0.15, H23 < 0), "Slightly Overvalued", IF(H23 = 0, "At ADP", IF(AND(H23 > 0, H23 <= 0.15), "Slightly Undervalued", IF(AND(H23 > 0.15, H23 <= 0.5), "Pretty Undervalued", IF(AND(H23 > 0.5, H23 <= 1), "Extremely Undervalued", ""))))))) -> Pretty Overvalued | K23: =IF(E23="QB",1,IF(E23="RB",2,IF(E23="WR",3,IF(E23="TE",4,IF(E23="K",5,"Check"))))) -> 2 | L23: =IF(J23="M",COUNTIFS($J$1:J23,"M",$E$1:E23,"WR")&" - "&K23,"N/A") -> N/A
A24: 23 | B24: Brandon | C24: Aiyuk | D24: Bucky Irving | E24: =INDEX('NFL.com rankings drop'!$E$2:$E$201,MATCH('NFL.com Rankings'!D24,'NFL.com rankings drop'!$D$2:$D$201,0)) -> RB | F24: =INDEX('Fantasy Pros Standard Rankings'!$A$2:$A$561,MATCH('NFL.com Rankings'!D24,'Fantasy Pros Standard Rankings'!$B$2:$B$561,0)) -> 51 | G24: =A24-F24 -> -28 | H24: =G24/F24 -> -0.54901961 | I24: =IF(AND(H24 > -1, H24 <= -0.5), "Extremely Overvalued", IF(AND(H24 > -0.5, H24 <= -0.15), "Pretty Overvalued", IF(AND(H24 > -0.15, H24 < 0), "Slightly Overvalued", IF(H24 = 0, "At ADP", IF(AND(H24 > 0, H24 <= 0.15), "Slightly Undervalued", IF(AND(H24 > 0.15, H24 <= 0.5), "Pretty Undervalued", IF(AND(H24 > 0.5, H24 <= 1), "Extremely Undervalued", ""))))))) -> Extremely Overvalued | K24: =IF(E24="QB",1,IF(E24="RB",2,IF(E24="WR",3,IF(E24="TE",4,IF(E24="K",5,"Check"))))) -> 2 | L24: =IF(J24="M",COUNTIFS($J$1:J24,"M",$E$1:E24,"WR")&" - "&K24,"N/A") -> N/A | N24: 1000.5
A25: 24 | B25: Mike | C25: Evans | D25: Terry McLaurin | E25: =INDEX('NFL.com rankings drop'!$E$2:$E$201,MATCH('NFL.com Rankings'!D25,'NFL.com rankings drop'!$D$2:$D$201,0)) -> WR | F25: =INDEX('Fantasy Pros Standard Rankings'!$A$2:$A$561,MATCH('NFL.com Rankings'!D25,'Fantasy Pros Standard Rankings'!$B$2:$B$561,0)) -> 49 | G25: =A25-F25 -> -25 | H25: =G25/F25 -> -0.51020408 | I25: =IF(AND(H25 > -1, H25 <= -0.5), "Extremely Overvalued", IF(AND(H25 > -0.5, H25 <= -0.15), "Pretty Overvalued", IF(AND(H25 > -0.15, H25 < 0), "Slightly Overvalued", IF(H25 = 0, "At ADP", IF(AND(H25 > 0, H25 <= 0.15), "Slightly Undervalued", IF(AND(H25 > 0.15, H25 <= 0.5), "Pretty Undervalued", IF(AND(H25 > 0.5, H25 <= 1), "Extremely Undervalued", ""))))))) -> Extremely Overvalued | K25: =IF(E25="QB",1,IF(E25="RB",2,IF(E25="WR",3,IF(E25="TE",4,IF(E25="K",5,"Check"))))) -> 3 | L25: =IF(J25="M",COUNTIFS($J$1:J25,"M",$E$1:E25,"WR")&" - "&K25,"N/A") -> N/A
A26: 25 | B26: Cooper | C26: Kupp | D26: Trey McBride | E26: =INDEX('NFL.com rankings drop'!$E$2:$E$201,MATCH('NFL.com Rankings'!D26,'NFL.com rankings drop'!$D$2:$D$201,0)) -> TE | F26: =INDEX('Fantasy Pros Standard Rankings'!$A$2:$A$561,MATCH('NFL.com Rankings'!D26,'Fantasy Pros Standard Rankings'!$B$2:$B$561,0)) -> 22 | G26: =A26-F26 -> 3 | H26: =G26/F26 -> 0.13636364 | I26: =IF(AND(H26 > -1, H26 <= -0.5), "Extremely Overvalued", IF(AND(H26 > -0.5, H26 <= -0.15), "Pretty Overvalued", IF(AND(H26 > -0.15, H26 < 0), "Slightly Overvalued", IF(H26 = 0, "At ADP", IF(AND(H26 > 0, H26 <= 0.15), "Slightly Undervalued", IF(AND(H26 > 0.15, H26 <= 0.5), "Pretty Undervalued", IF(AND(H26 > 0.5, H26 <= 1), "Extremely Undervalued", ""))))))) -> Slightly Undervalued | K26: =IF(E26="QB",1,IF(E26="RB",2,IF(E26="WR",3,IF(E26="TE",4,IF(E26="K",5,"Check"))))) -> 4 | L26: =IF(J26="M",COUNTIFS($J$1:J26,"M",$E$1:E26,"WR")&" - "&K26,"N/A") -> N/A | N26: 950.5
A27: 26 | B27: Chris | C27: Olave | D27: Breece Hall | E27: =INDEX('NFL.com rankings drop'!$E$2:$E$201,MATCH('NFL.com Rankings'!D27,'NFL.com rankings drop'!$D$2:$D$201,0)) -> RB | F27: =INDEX('Fantasy Pros Standard Rankings'!$A$2:$A$561,MATCH('NFL.com Rankings'!D27,'Fantasy Pros Standard Rankings'!$B$2:$B$561,0)) -> 39 | G27: =A27-F27 -> -13 | H27: =G27/F27 -> -0.33333333 | I27: =IF(AND(H27 > -1, H27 <= -0.5), "Extremely Overvalued", IF(AND(H27 > -0.5, H27 <= -0.15), "Pretty Overvalued", IF(AND(H27 > -0.15, H27 < 0), "Slightly Overvalued", IF(H27 = 0, "At ADP", IF(AND(H27 > 0, H27 <= 0.15), "Slightly Undervalued", IF(AND(H27 > 0.15, H27 <= 0.5), "Pretty Undervalued", IF(AND(H27 > 0.5, H27 <= 1), "Extremely Undervalued", ""))))))) -> Pretty Overvalued | K27: =IF(E27="QB",1,IF(E27="RB",2,IF(E27="WR",3,IF(E27="TE",4,IF(E27="K",5,"Check"))))) -> 2 | L27: =IF(J27="M",COUNTIFS($J$1:J27,"M",$E$1:E27,"WR")&" - "&K27,"N/A") -> N/A | N27: 1000.5
A28: 27 | B28: Michael | C28: Pittman | D28: James Cook | E28: =INDEX('NFL.com rankings drop'!$E$2:$E$201,MATCH('NFL.com Rankings'!D28,'NFL.com rankings drop'!$D$2:$D$201,0)) -> RB | F28: =INDEX('Fantasy Pros Standard Rankings'!$A$2:$A$561,MATCH('NFL.com Rankings'!D28,'Fantasy Pros Standard Rankings'!$B$2:$B$561,0)) -> #N/A | G28: =A28-F28 -> #N/A | H28: =G28/F28 -> #N/A | I28: =IF(AND(H28 > -1, H28 <= -0.5), "Extremely Overvalued", IF(AND(H28 > -0.5, H28 <= -0.15), "Pretty Overvalued", IF(AND(H28 > -0.15, H28 < 0), "Slightly Overvalued", IF(H28 = 0, "At ADP", IF(AND(H28 > 0, H28 <= 0.15), "Slightly Undervalued", IF(AND(H28 > 0.15, H28 <= 0.5), "Pretty Undervalued", IF(AND(H28 > 0.5, H28 <= 1), "Extremely Undervalued", ""))))))) -> #N/A | K28: =IF(E28="QB",1,IF(E28="RB",2,IF(E28="WR",3,IF(E28="TE",4,IF(E28="K",5,"Check"))))) -> 2 | L28: =IF(J28="M",COUNTIFS($J$1:J28,"M",$E$1:E28,"WR")&" - "&K28,"N/A") -> N/A
A29: 28 | B29: Rachaad | C29: White | D29: Tee Higgins | E29: =INDEX('NFL.com rankings drop'!$E$2:$E$201,MATCH('NFL.com Rankings'!D29,'NFL.com rankings drop'!$D$2:$D$201,0)) -> WR | F29: =INDEX('Fantasy Pros Standard Rankings'!$A$2:$A$561,MATCH('NFL.com Rankings'!D29,'Fantasy Pros Standard Rankings'!$B$2:$B$561,0)) -> 33 | G29: =A29-F29 -> -5 | H29: =G29/F29 -> -0.15151515 | I29: =IF(AND(H29 > -1, H29 <= -0.5), "Extremely Overvalued", IF(AND(H29 > -0.5, H29 <= -0.15), "Pretty Overvalued", IF(AND(H29 > -0.15, H29 < 0), "Slightly Overvalued", IF(H29 = 0, "At ADP", IF(AND(H29 > 0, H29 <= 0.15), "Slightly Undervalued", IF(AND(H29 > 0.15, H29 <= 0.5), "Pretty Undervalued", IF(AND(H29 > 0.5, H29 <= 1), "Extremely Undervalued", ""))))))) -> Pretty Overvalued | K29: =IF(E29="QB",1,IF(E29="RB",2,IF(E29="WR",3,IF(E29="TE",4,IF(E29="K",5,"Check"))))) -> 3 | L29: =IF(J29="M",COUNTIFS($J$2:J29,"M",$E$2:E29,"RB")&" - "&K29,"N/A") -> N/A | M29: 800.5
A30: 29 | B30: Deebo | C30: Samuel Sr. | D30: Lamar Jackson | E30: =INDEX('NFL.com rankings drop'!$E$2:$E$201,MATCH('NFL.com Rankings'!D30,'NFL.com rankings drop'!$D$2:$D$201,0)) -> QB | F30: =INDEX('Fantasy Pros Standard Rankings'!$A$2:$A$561,MATCH('NFL.com Rankings'!D30,'Fantasy Pros Standard Rankings'!$B$2:$B$561,0)) -> 27 | G30: =A30-F30 -> 2 | H30: =G30/F30 -> 0.074074074 | I30: =IF(AND(H30 > -1, H30 <= -0.5), "Extremely Overvalued", IF(AND(H30 > -0.5, H30 <= -0.15), "Pretty Overvalued", IF(AND(H30 > -0.15, H30 < 0), "Slightly Overvalued", IF(H30 = 0, "At ADP", IF(AND(H30 > 0, H30 <= 0.15), "Slightly Undervalued", IF(AND(H30 > 0.15, H30 <= 0.5), "Pretty Undervalued", IF(AND(H30 > 0.5, H30 <= 1), "Extremely Undervalued", ""))))))) -> Slightly Undervalued | K30: =IF(E30="QB",1,IF(E30="RB",2,IF(E30="WR",3,IF(E30="TE",4,IF(E30="K",5,"Check"))))) -> 1 | L30: =IF(J30="M",COUNTIFS($J$1:J30,"M",$E$1:E30,"WR")&" - "&K30,"N/A") -> N/A | N30: 825.5
